date;spx;r_3m
2015-01-05;2020,577884;0,0003
2015-01-06;2002,613588;0,0003
2015-01-07;2025,901051;0,0003
2015-01-08;2062,143555;0,0003
2015-01-09;2044,8099;0,0002
2015-01-12;2028,263822;0,0003
2015-01-13;2023,029219;0,0003
2015-01-14;2011,272898;0,0004
2015-01-15;1992,670276;0,0003
2015-01-16;2019,418654;0,0003
2015-01-20;2022,546882;0,0003
2015-01-21;2032,120289;0,0003
2015-01-22;2063,145591;0,0003
2015-01-23;2051,821812;0,0002
2015-01-26;2057,094406;0,0003
2015-01-27;2029,554468;0,0002
2015-01-28;2002,156447;0,0002
2015-01-29;2021,251638;0,0003
2015-01-30;1994,990412;0,0002
2015-02-02;2020,849187;0,0002
2015-02-03;2050,032802;0,0002
2015-02-04;2041,509351;0,0001
2015-02-05;2062,521557;0,0002
2015-02-06;2055,472242;0,0002
2015-02-09;2046,743601;0,0001
2015-02-10;2068,592792;0,0001
2015-02-11;2068,531977;0,0001
2015-02-12;2088,484768;0,0002
2015-02-13;2096,987902;0,0001
2015-02-17;2100,343249;0,0002
2015-02-18;2099,675344;0,0002
2015-02-19;2097,449348;0,0002
2015-02-20;2110,300899;0,0002
2015-02-23;2109,656629;0,0002
2015-02-24;2115,483816;0,0002
2015-02-25;2113,863515;0,0002
2015-02-26;2110,741831;0,0003
2015-02-27;2104,503249;0,0002
2015-03-02;2117,393335;0,0002
2015-03-03;2107,778417;0,0002
2015-03-04;2098,533054;0,0001
2015-03-05;2101,042053;0,0002
2015-03-06;2071,262106;0,0001
2015-03-09;2079,425467;0,0002
2015-03-10;2044,162631;0,0002
2015-03-11;2040,235198;0,0003
2015-03-12;2065,95429;0,0003
2015-03-13;2053,398256;0,0003
2015-03-16;2081,192752;0,0005
2015-03-17;2074,276435;0,0005
2015-03-18;2099,500714;0,0003
2015-03-19;2089,274371;0,0003
2015-03-20;2108,097321;0,0001
2015-03-23;2104,420117;0,0003
2015-03-24;2091,501788;0,0002
2015-03-25;2061,047481;0,0004
2015-03-26;2056,148808;0,0003
2015-03-27;2061,021997;0,0004
2015-03-30;2086,237312;0,0004
2015-03-31;2067,887241;0,0003
2015-04-01;2059,690872;0,0003
2015-04-02;2066,964854;0,0002
2015-04-06;2080,617762;0,0003
2015-04-07;2076,333734;0,0002
2015-04-08;2081,903976;0,0003
2015-04-09;2091,181172;0,0003
2015-04-10;2102,055349;0,0002
2015-04-13;2092,429591;0,0003
2015-04-14;2095,835355;0,0002
2015-04-15;2106,626264;0,0002
2015-04-16;2104,985787;0,0002
2015-04-17;2081,177754;0,0001
2015-04-20;2100,400944;0,0003
2015-04-21;2097,288894;0,0003
2015-04-22;2107,964078;0,0003
2015-04-23;2112,929;0,0003
2015-04-24;2117,689929;0,0003
2015-04-27;2108,921141;0,0002
2015-04-28;2114,761541;0,0002
2015-04-29;2106,850996;0,0001
2015-04-30;2085,513653;0,0001
2015-05-01;2108,290281;0,0001
2015-05-04;2114,486468;0,0002
2015-05-05;2089,460142;0,0001
2015-05-06;2080,14505;0,0002
2015-05-07;2087,997331;0,0001
2015-05-08;2116,095112;0,0001
2015-05-11;2105,327543;0,0002
2015-05-12;2099,115934;0,0003
2015-05-13;2098,477642;0,0002
2015-05-14;2121,095224;0,0001
2015-05-15;2122,73413;0,0002
2015-05-18;2129,203905;0,0002
2015-05-19;2127,825059;0,0002
2015-05-20;2125,848764;0,0002
2015-05-21;2130,816895;0,0002
2015-05-22;2126,061409;0,0002
2015-05-26;2104,199373;0,0002
2015-05-27;2123,475869;0,0001
2015-05-28;2120,789762;0,0001
2015-05-29;2107,389578;0,0001
2015-06-01;2111,731556;0,0002
2015-06-02;2109,597193;0,0001
2015-06-03;2114,067374;0,0002
2015-06-04;2095,844084;0,0002
2015-06-05;2092,830948;0,0003
2015-06-08;2079,280385;0,0002
2015-06-09;2080,152076;0,0002
2015-06-10;2105,202267;0,0002
2015-06-11;2108,856197;0,0001
2015-06-12;2094,105654;0,0002
2015-06-15;2084,425284;0,0002
2015-06-16;2096,292369;0,0001
2015-06-17;2100,443721;0,0001
2015-06-18;2121,235411;0,0001
2015-06-19;2109,988278;0,0001
2015-06-22;2122,846789;0,0001
2015-06-23;2124,198475;0,0001
2015-06-24;2108,578059;0,0001
2015-06-25;2102,312056;0,0001
2015-06-26;2101,487387;0,0001
2015-06-29;2057,641092;0,0002
2015-06-30;2063,111832;0,0001
2015-07-01;2077,424342;0,0001
2015-07-02;2076,7757;0,0001
2015-07-06;2068,756646;0,0002
2015-07-07;2081,340934;0,0002
2015-07-08;2046,684033;0,0002
2015-07-09;2051,311358;0,0003
2015-07-10;2076,618352;0,0001
2015-07-13;2099,599193;0,0002
2015-07-14;2108,954968;0,0001
2015-07-15;2107,403048;0,0002
2015-07-16;2124,286459;0,0002
2015-07-17;2126,643944;0,0003
2015-07-20;2128,283567;0,0004
2015-07-21;2119,209951;0,0003
2015-07-22;2114,151238;0,0004
2015-07-23;2102,147984;0,0003
2015-07-24;2079,649213;0,0004
2015-07-27;2067,641826;0,0005
2015-07-28;2093,253343;0,0005
2015-07-29;2108,568564;0,0006
2015-07-30;2108,629954;0,0007
2015-07-31;2103,835365;0,0008
2015-08-03;2098,039663;0,0008
2015-08-04;2093,323917;0,0008
2015-08-05;2099,842222;0,0008
2015-08-06;2083,558517;0,0004
2015-08-07;2077,568417;0,0006
2015-08-10;2104,182503;0,0012
2015-08-11;2084,073508;0,001
2015-08-12;2086,046437;0,001
2015-08-13;2083,387304;0,001
2015-08-14;2091,543641;0,0009
2015-08-17;2102,43635;0,001
2015-08-18;2096,919371;0,0007
2015-08-19;2079,610657;0,0005
2015-08-20;2035,734144;0,0002
2015-08-21;1970,889065;0,0003
2015-08-24;1893,213939;0,0006
2015-08-25;1867,610925;0,0007
2015-08-26;1940,510717;0,0006
2015-08-27;1987,662492;0,0006
2015-08-28;1988,871407;0,0006
2015-08-31;1972,184689;0,0008
2015-09-01;1913,852695;0,0003
2015-09-02;1948,862603;0,0003
2015-09-03;1951,12778;0,0002
2015-09-04;1921,224403;0,0002
2015-09-08;1969,414512;0,0006
2015-09-09;1942,037814;0,0003
2015-09-10;1952,286808;0,0002
2015-09-11;1961,045672;0,0004
2015-09-14;1953,026084;0,0007
2015-09-15;1978,086651;0,0007
2015-09-16;1995,310709;0,0006
2015-09-17;1990,204274;0,0001
2015-09-18;1958,032829;-0,0001
2015-09-21;1966,970272;0,0001
2015-09-22;1942,744127;-0,0001
2015-09-23;1938,759286;0,0001
2015-09-24;1932,241174;0,0001
2015-09-25;1931,339903;-0,0001
2015-09-28;1881,768971;0,0001
2015-09-29;1884,085182;0,0001
2015-09-30;1920,026552;-0,0001
2015-10-01;1923,820054;-0,0002
2015-10-02;1951,359831;0
2015-10-05;1987,054144;0,0001
2015-10-06;1979,915048;0
2015-10-07;1995,826482;0
2015-10-08;2013,430898;-0,0001
2015-10-09;2014,892646;0,0001
2015-10-13;2003,690286;0,0001
2015-10-14;1994,242371;0
2015-10-15;2023,861784;0,0001
2015-10-16;2033,110397;0,0001
2015-10-19;2033,664405;0,0002
2015-10-20;2030,767164;0,0002
2015-10-21;2018,941033;0,0001
2015-10-22;2052,508826;0
2015-10-23;2075,151278;0,0001
2015-10-26;2071,18152;0,0002
2015-10-27;2065,892288;0,0003
2015-10-28;2090,353881;0,0004
2015-10-29;2089,407402;0,0007
2015-10-30;2079,359837;0,0008
2015-11-02;2104,049047;0,0008
2015-11-03;2109,787523;0,0006
2015-11-04;2102,313682;0,0005
2015-11-05;2099,929145;0,0005
2015-11-06;2099,20349;0,0008
2015-11-09;2078,579996;0,0014
2015-11-10;2081,717187;0,0013
2015-11-11;2075,003167;0,0014
2015-11-12;2045,965566;0,0014
2015-11-13;2023,039433;0,0013
2015-11-16;2053,185002;0,0015
2015-11-17;2050,435873;0,0014
2015-11-18;2083,581012;0,0012
2015-11-19;2081,237696;0,0011
2015-11-20;2089,166223;0,0011
2015-11-23;2086,589974;0,0014
2015-11-24;2089,139916;0,0016
2015-11-25;2088,872578;0,0019
2015-11-27;2090,106776;0,0017
2015-11-30;2080,406829;0,0022
2015-12-01;2102,63267;0,0021
2015-12-02;2079,506221;0,0021
2015-12-03;2049,615627;0,0021
2015-12-04;2091,687424;0,0022
2015-12-07;2077,071597;0,0029
2015-12-08;2063,593644;0,0027
2015-12-09;2047,623191;0,0026
2015-12-10;2052,232346;0,0024
2015-12-11;2012,373698;0,0022
2015-12-14;2021,939553;0,0026
2015-12-15;2043,409036;0,0025
2015-12-16;2073,066147;0,0027
2015-12-17;2041,887885;0,0023
2015-12-18;2005,549717;0,0019
2015-12-21;2021,149974;0,0024
2015-12-22;2038,967536;0,0021
2015-12-23;2064,292049;0,002
2015-12-24;2060,9883;0,002
2015-12-28;2056,500744;0,0023
2015-12-29;2078,361866;0,0023
2015-12-30;2063,355215;0,0021
2015-12-31;2043,936863;0,0016
2016-01-04;2012,659371;0,0022
2016-01-05;2016,714427;0,002
2016-01-06;1990,262293;0,0021
2016-01-07;1943,093702;0,002
2016-01-08;1922,034793;0,002
2016-01-11;1923,674821;0,0021
2016-01-12;1938,678932;0,0021
2016-01-13;1890,278915;0,0022
2016-01-14;1921,835761;0,0025
2016-01-15;1880,327796;0,0023
2016-01-19;1881,333244;0,0026
2016-01-20;1859,328462;0,0026
2016-01-21;1868,986317;0,0028
2016-01-22;1906,904076;0,003
2016-01-25;1877,077571;0,0031
2016-01-26;1903,630648;0,0031
2016-01-27;1882,946265;0,0032
2016-01-28;1893,356708;0,0034
2016-01-29;1940,239678;0,0032
2016-02-01;1939,379316;0,0035
2016-02-02;1903,031513;0,0034
2016-02-03;1912,533608;0,0033
2016-02-04;1915,446792;0,0029
2016-02-05;1880,053933;0,0029
2016-02-08;1853,435019;0,0032
2016-02-09;1852,209817;0,003
2016-02-10;1851,863046;0,0031
2016-02-11;1829,078346;0,0028
2016-02-12;1864,77533;0,0029
2016-02-16;1895,57737;0,003
2016-02-17;1926,825;0,003
2016-02-18;1917,8338;0,003
2016-02-19;1917,783612;0,003
2016-02-22;1945,50004;0,0033
2016-02-23;1921,268441;0,0032
2016-02-24;1929,797675;0,0033
2016-02-25;1951,700665;0,0032
2016-02-26;1948,053851;0,0032
2016-02-29;1932,226395;0,0033
2016-03-01;1978,348116;0,0033
2016-03-02;1986,454786;0,0035
2016-03-03;1993,40214;0,0027
2016-03-04;1999,987226;0,0028
2016-03-07;2001,758848;0,0032
2016-03-08;1979,260718;0,0029
2016-03-09;1989,264995;0,003
2016-03-10;1989,568288;0,0031
2016-03-11;2022,189572;0,0032
2016-03-14;2019,64013;0,0034
2016-03-15;2015,927925;0,0034
2016-03-16;2027,217393;0,0031
2016-03-17;2040,591153;0,0029
2016-03-18;2049,576777;0,0029
2016-03-21;2051,600232;0,0031
2016-03-22;2049,803503;0,003
2016-03-23;2036,712761;0,003
2016-03-24;2035,935906;0,0029
2016-03-28;2037,049469;0,0029
2016-03-29;2055,013633;0,0023
2016-03-30;2063,945573;0,002
2016-03-31;2059,741177;0,0021
2016-04-01;2072,779072;0,0023
2016-04-04;2066,129403;0,0023
2016-04-05;2045,166795;0,0023
2016-04-06;2066,664819;0,0023
2016-04-07;2041,911942;0,0023
2016-04-08;2047,597132;0,0023
2016-04-11;2041,986045;0,0023
2016-04-12;2061,718447;0,0022
2016-04-13;2082,420642;0,0023
2016-04-14;2082,783091;0,0022
2016-04-15;2080,732965;0,0022
2016-04-18;2094,340331;0,0022
2016-04-19;2100,798733;0,0021
2016-04-20;2102,396655;0,0023
2016-04-21;2091,483661;0,0023
2016-04-22;2091,580102;0,0023
2016-04-25;2087,79447;0,0025
2016-04-26;2091,698545;0,0024
2016-04-27;2095,154394;0,0024
2016-04-28;2075,810663;0,0022
2016-04-29;2065,296301;0,0022
2016-05-02;2081,430217;0,0022
2016-05-03;2063,366854;0,0021
2016-05-04;2051,121262;0,0019
2016-05-05;2050,628742;0,002
2016-05-06;2057,142421;0,0019
2016-05-09;2058,691066;0,0024
2016-05-10;2084,386123;0,0024
2016-05-11;2064,461903;0,0026
2016-05-12;2064,107466;0,0027
2016-05-13;2046,612923;0,0028
2016-05-16;2066,657161;0,0028
2016-05-17;2047,205813;0,0028
2016-05-18;2047,627231;0,003
2016-05-19;2040,03989;0,003
2016-05-20;2052,318053;0,0032
2016-05-23;2048,043279;0,0035
2016-05-24;2076,057817;0,0035
2016-05-25;2090,543004;0,0033
2016-05-26;2090,100975;0,003
2016-05-27;2099,060461;0,0031
2016-05-31;2096,964195;0,0034
2016-06-01;2099,329995;0,003
2016-06-02;2105,264341;0,0028
2016-06-03;2099,128574;0,0029
2016-06-06;2109,406845;0,0028
2016-06-07;2112,127072;0,0028
2016-06-08;2119,118269;0,0024
2016-06-09;2115,477756;0,0025
2016-06-10;2096,071013;0,0025
2016-06-13;2079,05898;0,0027
2016-06-14;2075,315958;0,0027
2016-06-15;2071,502283;0,0026
2016-06-16;2077,993889;0,0027
2016-06-17;2071,219695;0,0026
2016-06-20;2083,249031;0,0028
2016-06-21;2088,899548;0,0027
2016-06-22;2085,449723;0,0027
2016-06-23;2113,320679;0,003
2016-06-24;2037,405184;0,0026
2016-06-27;2000,535254;0,0027
2016-06-28;2036,091229;0,0026
2016-06-29;2070,771306;0,0026
2016-06-30;2098,855227;0,0026
2016-07-01;2102,953492;0,0027
2016-07-05;2088,546036;0,0028
2016-07-06;2099,734291;0,0027
2016-07-07;2097,899775;0,0029
2016-07-08;2129,897982;0,0027
2016-07-11;2137,159722;0,0031
2016-07-12;2152,141399;0,0029
2016-07-13;2152,425657;0,0031
2016-07-14;2163,747536;0,0031
2016-07-15;2161,741334;0,0031
2016-07-18;2166,890525;0,0032
2016-07-19;2163,781099;0,0031
2016-07-20;2173,017212;0,0032
2016-07-21;2165,168298;0,0031
2016-07-22;2175,029062;0,0032
2016-07-25;2168,479074;0,0032
2016-07-26;2169,175192;0,0031
2016-07-27;2166,580421;0,0031
2016-07-28;2170,05626;0,0025
2016-07-29;2173,60386;0,0027
2016-08-01;2170,836391;0,0029
2016-08-02;2157,028649;0,0029
2016-08-03;2163,793674;0,0028
2016-08-04;2164,252115;0,0026
2016-08-05;2182,868375;0,0027
2016-08-08;2180,885151;0,0031
2016-08-09;2181,735676;0,0029
2016-08-10;2175,486524;0,0028
2016-08-11;2185,7931;0,0028
2016-08-12;2184,05094;0,0028
2016-08-15;2190,149416;0,0031
2016-08-16;2178,149455;0,0027
2016-08-17;2182,218889;0,003
2016-08-18;2187,024885;0,0029
2016-08-19;2183,868155;0,0029
2016-08-22;2182,639548;0,0029
2016-08-23;2186,901799;0,003
2016-08-24;2175,437011;0,0031
2016-08-25;2172,465632;0,0033
2016-08-26;2169,040232;0,0033
2016-08-29;2180,377409;0,0033
2016-08-30;2176,122646;0,0033
2016-08-31;2170,946958;0,0033
2016-09-01;2170,863259;0,0033
2016-09-02;2179,984203;0,0032
2016-09-06;2186,476739;0,0032
2016-09-07;2186,158728;0,0034
2016-09-08;2181,29955;0,0034
2016-09-09;2127,805574;0,0034
2016-09-12;2159,039716;0,0037
2016-09-13;2127,020375;0,0036
2016-09-14;2125,769541;0,0033
2016-09-15;2147,262036;0,0029
2016-09-16;2139,164603;0,0029
2016-09-19;2139,115361;0,003
2016-09-20;2139,756814;0,003
2016-09-21;2163,117591;0,0022
2016-09-22;2177,182249;0,0018
2016-09-23;2164,694808;0,0018
2016-09-26;2146,097367;0,0025
2016-09-27;2159,928023;0,0026
2016-09-28;2171,369332;0,0027
2016-09-29;2151,131485;0,0026
2016-09-30;2168,27209;0,0028
2016-10-03;2161,196687;0,0032
2016-10-04;2150,4896;0,0033
2016-10-05;2159,727998;0,0032
2016-10-06;2160,771826;0,0032
2016-10-07;2153,739363;0,0032
2016-10-11;2136,72619;0,0035
2016-10-12;2139,176401;0,0036
2016-10-13;2132,546492;0,0029
2016-10-14;2132,978465;0,0031
2016-10-17;2126,503339;0,0034
2016-10-18;2139,604084;0,0034
2016-10-19;2144,290289;0,0034
2016-10-20;2141,343911;0,0034
2016-10-21;2141,161911;0,0033
2016-10-24;2151,332638;0,0033
2016-10-25;2143,159711;0,0034
2016-10-26;2139,426974;0,0033
2016-10-27;2133,035495;0,0029
2016-10-28;2126,407565;0,0029
2016-10-31;2126,153297;0,0034
2016-11-01;2111,722588;0,0035
2016-11-02;2097,943771;0,0036
2016-11-03;2088,663594;0,0037
2016-11-04;2085,176377;0,0037
2016-11-07;2131,523568;0,0041
2016-11-08;2139,563009;0,0043
2016-11-09;2163,257903;0,0044
2016-11-10;2167,47813;0,0047
2016-11-14;2164,203301;0,0054
2016-11-15;2180,388827;0,005
2016-11-16;2176,940903;0,0046
2016-11-17;2187,12109;0,0043
2016-11-18;2181,901787;0,0043
2016-11-21;2198,182707;0,0046
2016-11-22;2202,93682;0,0048
2016-11-23;2204,72294;0,005
2016-11-25;2213,348568;0,0048
2016-11-28;2201,720499;0,0048
2016-11-29;2204,661663;0,0048
2016-11-30;2198,810449;0,0048
2016-12-01;2191,082957;0,0047
2016-12-02;2191,953667;0,0048
2016-12-05;2204,705387;0,0049
2016-12-06;2212,230777;0,0049
2016-12-07;2241,354644;0,0051
2016-12-08;2246,187804;0,005
2016-12-09;2259,528677;0,0053
2016-12-12;2256,963205;0,0051
2016-12-13;2271,72083;0,0054
2016-12-14;2253,278626;0,0054
2016-12-15;2262,031173;0,005
2016-12-16;2258,072402;0,005
2016-12-19;2262,532233;0,0052
2016-12-20;2270,761667;0,0052
2016-12-21;2265,179919;0,0051
2016-12-22;2260,957189;0,005
2016-12-23;2263,788659;0,0051
2016-12-27;2268,875498;0,0051
2016-12-28;2249,922616;0,0052
2016-12-29;2249,256769;0,0046
2016-12-30;2238,826682;0,005
2017-01-03;2257,828026;0,0053
2017-01-04;2270,75253;0,0052
2017-01-05;2268,998505;0,0051
2017-01-06;2276,981445;0,0052
2017-01-09;2268,904213;0,005
2017-01-10;2268,899452;0,0051
2017-01-11;2275,315878;0,0051
2017-01-12;2270,442867;0,0051
2017-01-13;2274,637743;0,0052
2017-01-17;2267,888634;0,0054
2017-01-18;2271,889369;0,0052
2017-01-19;2263,68678;0,0051
2017-01-20;2271,314729;0,0049
2017-01-23;2265,200206;0,0051
2017-01-24;2280,074172;0,005
2017-01-25;2298,367403;0,0049
2017-01-26;2296,680836;0,005
2017-01-27;2294,689729;0,0051
2017-01-30;2280,896292;0,0051
2017-01-31;2278,866891;0,0052
2017-02-01;2279,554291;0,005
2017-02-02;2280,850354;0,0051
2017-02-03;2297,415857;0,005
2017-02-06;2292,558386;0,0053
2017-02-07;2293,081079;0,0053
2017-02-08;2294,668614;0,0053
2017-02-09;2307,874649;0,0053
2017-02-10;2316,09707;0,0054
2017-02-13;2328,253265;0,0052
2017-02-14;2337,584574;0,0054
2017-02-15;2349,247409;0,0053
2017-02-16;2347,223539;0,0052
2017-02-17;2351,161699;0,0052
2017-02-21;2365,382724;0,0053
2017-02-22;2362,821526;0,0052
2017-02-23;2363,806651;0,0051
2017-02-24;2367,344247;0,0051
2017-02-27;2369,750293;0,005
2017-02-28;2363,638197;0,0053
2017-03-01;2395,957142;0,0062
2017-03-02;2381,918207;0,0066
2017-03-03;2383,117037;0,007
2017-03-06;2375,311124;0,0073
2017-03-07;2368,39421;0,0075
2017-03-08;2362,976996;0,0072
2017-03-09;2364,869787;0,0072
2017-03-10;2372,597752;0,0073
2017-03-13;2373,472982;0,0078
2017-03-14;2365,454896;0,0077
2017-03-15;2385,264465;0,0072
2017-03-16;2381,382248;0,0072
2017-03-17;2378,253051;0,0072
2017-03-20;2373,471609;0,0075
2017-03-21;2344,017119;0,0076
2017-03-22;2348,448836;0,0076
2017-03-23;2345,962163;0,0075
2017-03-24;2343,97814;0,0077
2017-03-27;2341,590595;0,0077
2017-03-28;2358,566462;0,0077
2017-03-29;2361,132961;0,0077
2017-03-30;2368,060568;0,0077
2017-03-31;2362,71822;0,0075
2017-04-03;2358,83509;0,0078
2017-04-04;2360,155691;0,0078
2017-04-05;2352,948191;0,0079
2017-04-06;2357,48907;0,0078
2017-04-07;2355,544992;0,0081
2017-04-10;2357,163381;0,0081
2017-04-11;2353,776992;0,0081
2017-04-12;2344,926332;0,008
2017-04-13;2328,953347;0,008
2017-04-17;2349,010221;0,0082
2017-04-18;2342,187831;0,0081
2017-04-19;2338,165988;0,008
2017-04-20;2355,84408;0,0078
2017-04-21;2348,694958;0,0078
2017-04-24;2374,150691;0,008
2017-04-25;2388,614925;0,0081
2017-04-26;2387,447931;0,0082
2017-04-27;2388,768836;0,008
2017-04-28;2384,195518;0,0079
2017-05-01;2388,327185;0,0082
2017-05-02;2391,165942;0,0081
2017-05-03;2388,134893;0,0084
2017-05-04;2389,521661;0,0084
2017-05-05;2399,28571;0,0088
2017-05-08;2399,377329;0,009
2017-05-09;2396,919424;0,009
2017-05-10;2399,629959;0,0089
2017-05-11;2394,439798;0,0087
2017-05-12;2390,897226;0,0086
2017-05-15;2402,320282;0,0089
2017-05-16;2400,674169;0,0089
2017-05-17;2357,032167;0,0089
2017-05-18;2365,723963;0,0091
2017-05-19;2381,726704;0,009
2017-05-22;2394,024077;0,0092
2017-05-23;2398,418602;0,0091
2017-05-24;2404,387022;0,0092
2017-05-25;2415,065703;0,0092
2017-05-26;2415,82248;0,0092
2017-05-30;2412,906567;0,0092
2017-05-31;2411,797324;0,0096
2017-06-01;2430,061071;0,0096
2017-06-02;2439,07025;0,0096
2017-06-05;2436,096196;0,0095
2017-06-06;2429,327257;0,0096
2017-06-07;2433,13743;0,0098
2017-06-08;2433,790631;0,0099
2017-06-09;2431,772365;0,0099
2017-06-12;2429,391256;0,0097
2017-06-13;2440,347496;0,0099
2017-06-14;2437,920481;0,0099
2017-06-15;2432,459127;0,01
2017-06-16;2433,150829;0,0101
2017-06-19;2453,458604;0,0101
2017-06-20;2437,028134;0,01
2017-06-21;2435,611685;0,0097
2017-06-22;2434,497409;0,0094
2017-06-23;2438,296912;0,0095
2017-06-26;2439,065477;0,0098
2017-06-27;2419,375862;0,0099
2017-06-28;2440,690329;0,01
2017-06-29;2419,697111;0,0102
2017-06-30;2423,408891;0,0101
2017-07-03;2429,014879;0,0104
2017-07-05;2432,54234;0,0103
2017-07-06;2409,74978;0,0102
2017-07-07;2425,176961;0,0103
2017-07-10;2427,434488;0,0103
2017-07-11;2425,526214;0,0103
2017-07-12;2443,251177;0,0103
2017-07-13;2447,834276;0,0103
2017-07-14;2459,270991;0,0102
2017-07-17;2459,140719;0,0105
2017-07-18;2460,610443;0,0105
2017-07-19;2473,827785;0,0109
2017-07-20;2473,449383;0,0113
2017-07-21;2472,535854;0,0114
2017-07-24;2469,911917;0,0115
2017-07-25;2477,12537;0,0116
2017-07-26;2477,830511;0,0111
2017-07-27;2475,420891;0,0109
2017-07-28;2472,098537;0,0106
2017-07-31;2470,300025;0,0105
2017-08-01;2476,34721;0,0106
2017-08-02;2477,568097;0,0106
2017-08-03;2472,157628;0,0106
2017-08-04;2476,830997;0,0106
2017-08-07;2480,912021;0,0101
2017-08-08;2474,918841;0,0104
2017-08-09;2474,01708;0,0104
2017-08-10;2438,20971;0,0103
2017-08-11;2441,320241;0,0101
2017-08-14;2465,835812;0,0101
2017-08-15;2464,609993;0,0102
2017-08-16;2468,10726;0,01
2017-08-17;2430,007878;0,0098
2017-08-18;2425,55217;0,01
2017-08-21;2428,367986;0,0099
2017-08-22;2452,510273;0,0099
2017-08-23;2444,043245;0,0098
2017-08-24;2438,96812;0,01
2017-08-25;2443,045798;0,0101
2017-08-28;2444,240315;0,0097
2017-08-29;2446,295524;0,0101
2017-08-30;2457,585812;0,0101
2017-08-31;2471,650208;0,0099
2017-09-01;2476,552389;0,01
2017-09-05;2457,849871;0,0101
2017-09-06;2465,543623;0,0105
2017-09-07;2465,102136;0,0103
2017-09-08;2461,433644;0,0102
2017-09-11;2488,107965;0,0104
2017-09-12;2496,48362;0,0102
2017-09-13;2498,370815;0,0102
2017-09-14;2495,619154;0,0103
2017-09-15;2500,225858;0,0103
2017-09-18;2503,869556;0,0104
2017-09-19;2506,647935;0,0103
2017-09-20;2508,236048;0,0102
2017-09-21;2500,602617;0,0102
2017-09-22;2502,222225;0,0101
2017-09-25;2496,66059;0,0104
2017-09-26;2496,840894;0,0105
2017-09-27;2507,043281;0,0105
2017-09-28;2510,061992;0,0104
2017-09-29;2519,359672;0,0104
2017-10-02;2529,115299;0,01
2017-10-03;2534,579683;0,0105
2017-10-04;2537,74124;0,0106
2017-10-05;2552,065399;0,0105
2017-10-06;2549,331509;0,0105
2017-10-10;2550,642433;0,0106
2017-10-11;2555,240789;0,0108
2017-10-12;2550,933009;0,0107
2017-10-13;2553,169373;0,0107
2017-10-16;2557,639738;0,0109
2017-10-17;2559,356311;0,0107
2017-10-18;2561,264453;0,0107
2017-10-19;2562,103755;0,0108
2017-10-20;2575,205878;0,0109
2017-10-23;2564,978524;0,0108
2017-10-24;2569,13426;0,011
2017-10-25;2557,150985;0,011
2017-10-26;2560,399195;0,0109
2017-10-27;2581,065703;0,0108
2017-10-30;2572,833603;0,011
2017-10-31;2575,26383;0,0113
2017-11-01;2579,35585;0,0116
2017-11-02;2579,851652;0,0115
2017-11-03;2587,836057;0,0116
2017-11-06;2591,128442;0,0117
2017-11-07;2590,641757;0,012
2017-11-08;2594,375209;0,0121
2017-11-09;2584,621274;0,0122
2017-11-10;2582,300039;0,0121
2017-11-13;2584,844826;0,0122
2017-11-14;2578,871824;0,0124
2017-11-15;2564,62051;0,0123
2017-11-16;2585,643164;0,0125
2017-11-17;2578,854324;0,0126
2017-11-20;2582,141589;0,0128
2017-11-21;2599,029193;0,0128
2017-11-22;2597,077203;0,0127
2017-11-24;2602,424708;0,0126
2017-11-27;2601,423891;0,0125
2017-11-28;2627,044025;0,0128
2017-11-29;2626,066195;0,0127
2017-11-30;2647,579927;0,0125
2017-12-01;2642,215765;0,0125
2017-12-04;2639,437048;0,0128
2017-12-05;2629,570845;0,0128
2017-12-06;2629,266914;0,0128
2017-12-07;2636,976494;0,0127
2017-12-08;2651,501;0,0126
2017-12-11;2659,98965;0,0131
2017-12-12;2664,105729;0,0132
2017-12-13;2662,845188;0,0128
2017-12-14;2652,012444;0,013
2017-12-15;2675,807981;0,0129
2017-12-18;2690,158251;0,0136
2017-12-19;2681,473629;0,0135
2017-12-20;2679,248085;0,0136
2017-12-21;2684,569176;0,0133
2017-12-22;2683,337274;0,0131
2017-12-26;2680,504486;0,0145
2017-12-27;2682,619923;0,0142
2017-12-28;2687,537829;0,0137
2017-12-29;2673,610523;0,0137
2018-01-02;2695,809772;0,0142
2018-01-03;2713,061006;0,0139
2018-01-04;2723,992595;0,0139
2018-01-05;2743,147773;0,0137
2018-01-08;2747,710233;0,0143
2018-01-09;2751,285249;0,0142
2018-01-10;2748,22549;0,014
2018-01-11;2767,558142;0,0141
2018-01-12;2786,244143;0,0141
2018-01-16;2776,420024;0,0143
2018-01-17;2802,555574;0,0142
2018-01-18;2798,030257;0,0143
2018-01-19;2810,302683;0,0142
2018-01-22;2832,9741;0,0143
2018-01-23;2839,130362;0,0142
2018-01-24;2837,544008;0,0141
2018-01-25;2839,253031;0,014
2018-01-26;2872,867839;0,0139
2018-01-29;2853,528411;0,0143
2018-01-30;2822,433948;0,0142
2018-01-31;2823,809937;0,0144
2018-02-01;2821,975893;0,0146
2018-02-02;2762,125334;0,0146
2018-02-05;2648,939082;0,0149
2018-02-06;2695,144239;0,015
2018-02-07;2681,660135;0,0153
2018-02-08;2580,999481;0,0153
2018-02-09;2619,545595;0,0153
2018-02-12;2655,997527;0,0161
2018-02-13;2662,942903;0,0157
2018-02-14;2698,633663;0,0156
2018-02-15;2731,204141;0,0156
2018-02-16;2732,219837;0,0159
2018-02-20;2716,255542;0,0164
2018-02-21;2701,328793;0,0162
2018-02-22;2703,961257;0,0161
2018-02-23;2747,298549;0,0161
2018-02-26;2779,595974;0,0165
2018-02-27;2744,280691;0,0164
2018-02-28;2713,830539;0,0163
2018-03-01;2677,670936;0,016
2018-03-02;2691,252769;0,0162
2018-03-05;2720,940897;0,0167
2018-03-06;2728,122;0,0165
2018-03-07;2726,801369;0,0165
2018-03-08;2738,96943;0,0164
2018-03-09;2786,565103;0,0164
2018-03-12;2783,019263;0,0168
2018-03-13;2765,309453;0,017
2018-03-14;2749,482269;0,0173
2018-03-15;2747,32985;0,0174
2018-03-16;2752,011788;0,0175
2018-03-19;2712,917368;0,0177
2018-03-20;2716,942235;0,0178
2018-03-21;2711,928088;0,0171
2018-03-22;2643,692182;0,0169
2018-03-23;2588,262792;0,0171
2018-03-26;2658,554182;0,0176
2018-03-27;2612,624597;0,0174
2018-03-28;2604,997497;0,017
2018-03-29;2640,86599;0,017
2018-04-02;2581,88161;0,0174
2018-04-03;2614,445671;0,0172
2018-04-04;2644,687961;0,0168
2018-04-05;2662,836242;0,0169
2018-04-06;2604,469385;0,017
2018-04-09;2613,158839;0,0173
2018-04-10;2656,867981;0,0171
2018-04-11;2642,190211;0,017
2018-04-12;2663,9948;0,0172
2018-04-13;2656,296906;0,0173
2018-04-16;2677,839563;0,0176
2018-04-17;2706,385087;0,0177
2018-04-18;2708,638953;0,0178
2018-04-19;2693,12573;0,0179
2018-04-20;2670,141756;0,0178
2018-04-23;2670,290482;0,0184
2018-04-24;2634,556452;0,0184
2018-04-25;2639,395027;0,0182
2018-04-26;2666,942784;0,0179
2018-04-27;2669,906272;0,0178
2018-04-30;2648,049365;0,0184
2018-05-01;2654,800652;0,0182
2018-05-02;2635,668547;0,0181
2018-05-03;2629,725615;0,018
2018-05-04;2663,420337;0,018
2018-05-07;2672,628498;0,0183
2018-05-08;2671,918262;0,0184
2018-05-09;2697,791549;0,0185
2018-05-10;2723,068903;0,0186
2018-05-11;2727,715928;0,0188
2018-05-14;2730,132457;0,019
2018-05-15;2711,445524;0,0189
2018-05-16;2722,462297;0,0188
2018-05-17;2720,127207;0,0188
2018-05-18;2712,974714;0,0187
2018-05-21;2733,01082;0,019
2018-05-22;2724,444041;0,019
2018-05-23;2733,289269;0,0188
2018-05-24;2727,763195;0,0187
2018-05-25;2721,327956;0,0186
2018-05-29;2689,857249;0,019
2018-05-30;2724,009911;0,019
2018-05-31;2705,274752;0,0189
2018-06-01;2734,618855;0,0188
2018-06-04;2746,871114;0,0191
2018-06-05;2748,795186;0,0191
2018-06-06;2772,345785;0,0191
2018-06-07;2770,372047;0,019
2018-06-08;2779,028591;0,0189
2018-06-11;2782,00486;0,0191
2018-06-12;2786,852473;0,0189
2018-06-13;2775,626751;0,019
2018-06-14;2782,489406;0,019
2018-06-15;2779,663027;0,019
2018-06-18;2773,745041;0,0191
2018-06-19;2762,594647;0,0191
2018-06-20;2767,317905;0,019
2018-06-21;2749,757969;0,019
2018-06-22;2754,876995;0,0189
2018-06-25;2717,074218;0,019
2018-06-26;2723,058886;0,019
2018-06-27;2699,626203;0,0189
2018-06-28;2716,309936;0,0189
2018-06-29;2718,373465;0,0189
2018-07-02;2726,713764;0,0195
2018-07-03;2713,220886;0,0194
2018-07-05;2736,612571;0,0192
2018-07-06;2759,821916;0,0193
2018-07-09;2784,17324;0,0195
2018-07-10;2793,839151;0,0195
2018-07-11;2774,017478;0,0193
2018-07-12;2798,286922;0,0194
2018-07-13;2801,311373;0,0194
2018-07-16;2798,434604;0,0198
2018-07-17;2809,551622;0,0198
2018-07-18;2815,619784;0,0196
2018-07-19;2804,493414;0,0196
2018-07-20;2801,828088;0,0195
2018-07-23;2806,982899;0,0196
2018-07-24;2820,40413;0,0198
2018-07-25;2846,067043;0,0197
2018-07-26;2837,439986;0,0195
2018-07-27;2818,817626;0,0196
2018-07-30;2802,601446;0,0201
2018-07-31;2816,288631;0,0199
2018-08-01;2813,364909;0,0199
2018-08-02;2827,218258;0,0198
2018-08-03;2840,353554;0,0197
2018-08-06;2850,396578;0,0202
2018-08-07;2858,451509;0,0202
2018-08-08;2857,704495;0,0202
2018-08-09;2853,583948;0,0202
2018-08-10;2833,283632;0,0201
2018-08-13;2821,928234;0,0203
2018-08-14;2839,955391;0,0204
2018-08-15;2818,37302;0,0203
2018-08-16;2840,687972;0,0203
2018-08-17;2850,131612;0,0201
2018-08-20;2857,054007;0,0203
2018-08-21;2862,956988;0,0204
2018-08-22;2861,82463;0,0205
2018-08-23;2856,980541;0,0204
2018-08-24;2874,689144;0,0205
2018-08-27;2896,735635;0,0208
2018-08-28;2897,522045;0,0209
2018-08-29;2914,041365;0,0209
2018-08-30;2901,126596;0,0207
2018-08-31;2901,517677;0,0207
2018-09-04;2896,723286;0,0209
2018-09-05;2888,601799;0,021
2018-09-06;2878,052433;0,0209
2018-09-07;2871,681528;0,021
2018-09-10;2877,126146;0,0211
2018-09-11;2887,893797;0,0211
2018-09-12;2888,916655;0,0212
2018-09-13;2904,18386;0,0211
2018-09-14;2904,975385;0,0212
2018-09-17;2888,801145;0,0213
2018-09-18;2904,310646;0,0213
2018-09-19;2907,945394;0,0212
2018-09-20;2930,746152;0,0213
2018-09-21;2929,667196;0,0214
2018-09-24;2919,373149;0,0218
2018-09-25;2915,564284;0,0217
2018-09-26;2905,965588;0,0216
2018-09-27;2913,998186;0,0214
2018-09-28;2913,97814;0,0215
2018-10-01;2924,590937;0,0219
2018-10-02;2923,433453;0,0219
2018-10-03;2925,513038;0,0219
2018-10-04;2901,611488;0,0218
2018-10-05;2885,566252;0,0218
2018-10-09;2880,343712;0,0221
2018-10-10;2785,679179;0,0223
2018-10-11;2728,366291;0,0222
2018-10-12;2767,126018;0,0223
2018-10-15;2750,786041;0,0227
2018-10-16;2809,915671;0,0226
2018-10-17;2809,209082;0,0227
2018-10-18;2768,784593;0,0227
2018-10-19;2767,780487;0,0226
2018-10-22;2755,883758;0,023
2018-10-23;2740,692385;0,0229
2018-10-24;2656,103225;0,0229
2018-10-25;2705,568281;0,0229
2018-10-26;2658,685113;0,0228
2018-10-29;2641,245119;0,023
2018-10-30;2682,630996;0,0229
2018-10-31;2711,744408;0,0229
2018-11-01;2740,372458;0,0227
2018-11-02;2723,058278;0,0228
2018-11-05;2738,313679;0,0232
2018-11-06;2755,450836;0,0231
2018-11-07;2813,894814;0,0232
2018-11-08;2806,830988;0,023
2018-11-09;2781,009157;0,0231
2018-11-13;2722,18199;0,0234
2018-11-14;2701,576142;0,0233
2018-11-15;2730,20252;0,0232
2018-11-16;2736,268988;0,0231
2018-11-19;2690,731216;0,0234
2018-11-20;2641,890298;0,0234
2018-11-21;2649,929079;0,0236
2018-11-23;2632,556635;0,0236
2018-11-26;2673,447415;0,0237
2018-11-27;2682,169731;0,0236
2018-11-28;2743,785211;0,0235
2018-11-29;2737,760295;0,0232
2018-11-30;2760,174257;0,0232
2018-12-03;2790,369478;0,0234
2018-12-04;2700,064368;0,0238
2018-12-06;2695,945355;0,0236
2018-12-07;2633,078821;0,0235
2018-12-10;2637,723071;0,0237
2018-12-11;2636,783761;0,0237
2018-12-12;2651,067697;0,0239
2018-12-13;2650,535177;0,0238
2018-12-14;2599,954346;0,0237
2018-12-17;2545,939769;0,0236
2018-12-18;2546,161101;0,0234
2018-12-19;2506,955215;0,0235
2018-12-20;2467,41847;0,0234
2018-12-21;2416,618385;0,0234
2018-12-24;2351,099534;0,0241
2018-12-26;2467,704065;0,0239
2018-12-27;2488,827436;0,0236
2018-12-28;2485,735216;0,0235
2018-12-31;2506,847183;0,024
2019-01-02;2510,030134;0,0237
2019-01-03;2447,893431;0,0236
2019-01-04;2531,943412;0,0237
2019-01-07;2549,690014;0,0241
2019-01-08;2574,410963;0,0241
2019-01-09;2584,963662;0,024
2019-01-10;2596,640508;0,0238
2019-01-11;2596,257302;0,0238
2019-01-14;2582,613862;0,024
2019-01-15;2610,302567;0,024
2019-01-16;2616,097126;0,0238
2019-01-17;2635,956679;0,0237
2019-01-18;2670,711713;0,0236
2019-01-22;2632,903926;0,0238
2019-01-23;2638,696846;0,0236
2019-01-24;2642,332567;0,0232
2019-01-25;2664,76051;0,0234
2019-01-28;2643,845686;0,0237
2019-01-29;2640,004723;0,0237
2019-01-30;2681,051086;0,0237
2019-01-31;2704,10058;0,0236
2019-02-01;2706,53346;0,0235
2019-02-04;2724,866907;0,0237
2019-02-05;2737,702131;0,0237
2019-02-06;2731,614983;0,0237
2019-02-07;2706,054435;0,0237
2019-02-08;2707,880385;0,0238
2019-02-11;2709,803874;0,024
2019-02-12;2744,733522;0,0238
2019-02-13;2753,033549;0,0239
2019-02-14;2745,729785;0,0238
2019-02-15;2775,597101;0,0238
2019-02-19;2779,758099;0,0241
2019-02-20;2784,696176;0,024
2019-02-21;2774,876125;0,024
2019-02-22;2792,671022;0,0241
2019-02-25;2796,106549;0,0242
2019-02-26;2793,89858;0,024
2019-02-27;2792,380076;0,024
2019-02-28;2784,491359;0,024
2019-03-01;2803,694354;0,0239
2019-03-04;2792,810902;0,0241
2019-03-05;2789,65098;0,0241
2019-03-06;2771,447642;0,0241
2019-03-07;2748,92578;0,024
2019-03-08;2743,067669;0,0241
2019-03-11;2783,295007;0,0241
2019-03-12;2791,522281;0,0241
2019-03-13;2810,917512;0,024
2019-03-14;2808,482788;0,024
2019-03-15;2822,476649;0,024
2019-03-18;2832,940579;0,0239
2019-03-19;2832,567386;0,0241
2019-03-20;2824,225814;0,0242
2019-03-21;2854,87667;0,0243
2019-03-22;2800,712447;0,0241
2019-03-25;2798,361645;0,0241
2019-03-26;2818,457885;0,0241
2019-03-27;2805,373157;0,0239
2019-03-28;2815,437295;0,0238
2019-03-29;2834,39982;0,0235
2019-04-01;2867,193889;0,0238
2019-04-02;2867,236444;0,0237
2019-04-03;2873,399148;0,0239
2019-04-04;2879,390781;0,0239
2019-04-05;2892,744397;0,0239
2019-04-08;2895,770593;0,0238
2019-04-09;2878,200631;0,0237
2019-04-10;2888,210417;0,0238
2019-04-11;2888,319454;0,0238
2019-04-12;2907,414383;0,0239
2019-04-15;2905,583274;0,0238
2019-04-16;2907,057548;0,0238
2019-04-17;2900,453136;0,0239
2019-04-18;2905,03252;0,0237
2019-04-22;2907,972677;0,0239
2019-04-23;2933,675818;0,024
2019-04-24;2927,252365;0,0239
2019-04-25;2926,173075;0,0238
2019-04-26;2939,881669;0,0237
2019-04-29;2943,02692;0,0239
2019-04-30;2945,830887;0,0238
2019-05-01;2923,731938;0,0238
2019-05-02;2917,51638;0,0241
2019-05-03;2945,63779;0,0238
2019-05-06;2932,473849;0,0239
2019-05-07;2884,050308;0,0238
2019-05-08;2879,419642;0,0238
2019-05-09;2870,717096;0,0238
2019-05-10;2881,40051;0,0238
2019-05-13;2811,8654;0,0236
2019-05-14;2834,4068;0,0236
2019-05-15;2850,964534;0,0237
2019-05-16;2876,316928;0,0235
2019-05-17;2859,532347;0,0234
2019-05-20;2840,233132;0,0234
2019-05-21;2864,359409;0,0234
2019-05-22;2856,274151;0,0233
2019-05-23;2822,240956;0,0232
2019-05-24;2826,064686;0,023
2019-05-28;2802,385218;0,0232
2019-05-29;2783,018322;0,0232
2019-05-30;2788,864931;0,0233
2019-05-31;2752,062886;0,023
2019-06-03;2744,446443;0,023
2019-06-04;2803,272536;0,023
2019-06-05;2826,1506;0,023
2019-06-06;2843,490377;0,0228
2019-06-07;2873,342002;0,0223
2019-06-10;2886,734127;0,0224
2019-06-11;2885,722146;0,0222
2019-06-12;2879,836459;0,0219
2019-06-13;2891,640535;0,0214
2019-06-14;2886,98321;0,0215
2019-06-17;2889,669978;0,0218
2019-06-18;2917,750762;0,0217
2019-06-19;2926,455815;0,0213
2019-06-20;2954,181873;0,0209
2019-06-21;2950,455013;0,0207
2019-06-24;2945,348796;0,0208
2019-06-25;2917,38314;0,0207
2019-06-26;2913,778778;0,021
2019-06-27;2924,921202;0,0209
2019-06-28;2941,760637;0,0208
2019-07-01;2964,332842;0,0216
2019-07-02;2973,011928;0,0215
2019-07-03;2995,822592;0,0216
2019-07-05;2990,409583;0,0218
2019-07-08;2975,945501;0,0221
2019-07-09;2979,625806;0,0221
2019-07-10;2993,069958;0,0215
2019-07-11;2999,906947;0,0212
2019-07-12;3013,772649;0,021
2019-07-15;3014,297885;0,0211
2019-07-16;3004,043104;0,021
2019-07-17;2984,423471;0,0209
2019-07-18;2995,112465;0,0201
2019-07-19;2976,609057;0,0202
2019-07-22;2985,031155;0,0204
2019-07-23;3005,473487;0,0202
2019-07-24;3019,55656;0,0205
2019-07-25;3003,671251;0,0206
2019-07-26;3025,859148;0,0208
2019-07-29;3020,968123;0,0207
2019-07-30;3013,181863;0,0204
2019-07-31;2980,378854;0,0204
2019-08-01;2953,560124;0,0203
2019-08-02;2932,045207;0,0202
2019-08-05;2844,742708;0,02
2019-08-06;2881,774074;0,0201
2019-08-07;2883,984417;0,0198
2019-08-08;2938,094526;0,0198
2019-08-09;2918,645602;0,0196
2019-08-12;2883,75;0,0196
2019-08-13;2926,324771;0,0196
2019-08-14;2840,598283;0,0192
2019-08-15;2847,595064;0,0187
2019-08-16;2888,677981;0,0183
2019-08-19;2923,648226;0,019
2019-08-20;2900,510268;0,019
2019-08-21;2924,430317;0,0193
2019-08-22;2922,952358;0,0196
2019-08-23;2847,110984;0,0193
2019-08-26;2878,383885;0,0196
2019-08-27;2869,156111;0,0194
2019-08-28;2887,93879;0,0195
2019-08-29;2924,577099;0,0195
2019-08-30;2926,458129;0,0195
2019-09-03;2906,271106;0,0194
2019-09-04;2937,779025;0,0193
2019-09-05;2975,997446;0,0193
2019-09-06;2978,707811;0,0192
2019-09-09;2978,433796;0,0192
2019-09-10;2979,385546;0,0191
2019-09-11;3000,926355;0,0192
2019-09-12;3009,571875;0,0191
2019-09-13;3007,387374;0,0192
2019-09-16;2997,959591;0,0195
2019-09-17;3005,696462;0,0195
2019-09-18;3006,729986;0,0191
2019-09-19;3006,790782;0,0189
2019-09-20;2992,072294;0,0187
2019-09-23;2991,779033;0,019
2019-09-24;2966,596004;0,0188
2019-09-25;2984,868333;0,0185
2019-09-26;2977,617436;0,0179
2019-09-27;2961,793116;0,0176
2019-09-30;2976,737272;0,0184
2019-10-01;2940,248588;0,0178
2019-10-02;2887,606504;0,0175
2019-10-03;2910,634041;0,0167
2019-10-04;2952,007564;0,0168
2019-10-07;2938,789393;0,0171
2019-10-08;2893,055581;0,0168
2019-10-09;2919,400097;0,0166
2019-10-10;2938,132355;0,0165
2019-10-11;2970,269545;0,0165
2019-10-15;2995,683133;0,0164
2019-10-16;2989,693781;0,0163
2019-10-17;2997,952886;0,0163
2019-10-18;2986,203484;0,0163
2019-10-21;3006,724282;0,0164
2019-10-22;2995,992964;0,0162
2019-10-23;3004,524331;0,0162
2019-10-24;3010,285303;0,0164
2019-10-25;3022,549644;0,0163
2019-10-28;3039,419922;0,0162
2019-10-29;3036,892248;0,016
2019-10-30;3046,7662;0,0159
2019-10-31;3037,564435;0,0151
2019-11-01;3066,914735;0,0149
2019-11-04;3078,26973;0,015
2019-11-05;3074,615917;0,0153
2019-11-06;3076,775343;0,0153
2019-11-07;3085,181861;0,0153
2019-11-08;3093,084803;0,0152
2019-11-12;3091,839016;0,0156
2019-11-13;3094,03534;0,0154
2019-11-14;3096,633127;0,0154
2019-11-15;3120,460403;0,0154
2019-11-18;3122,028007;0,0154
2019-11-19;3120,181284;0,0154
2019-11-20;3108,45815;0,0154
2019-11-21;3103,536912;0,0155
2019-11-22;3110,288349;0,0155
2019-11-25;3133,642823;0,0158
2019-11-26;3140,519864;0,0157
2019-11-27;3153,628071;0,0159
2019-11-29;3140,980628;0,0156
2019-12-02;3113,873631;0,0157
2019-12-03;3093,200913;0,0154
2019-12-04;3112,756345;0,0152
2019-12-05;3117,428588;0,0151
2019-12-06;3145,911026;0,015
2019-12-09;3135,961384;0,0151
2019-12-10;3132,518607;0,0153
2019-12-11;3141,626677;0,0154
2019-12-12;3168,569171;0,0153
2019-12-13;3168,799633;0,0154
2019-12-16;3191,449019;0,0154
2019-12-17;3192,51858;0,0153
2019-12-18;3191,142044;0,0153
2019-12-19;3205,368378;0,0154
2019-12-20;3221,224583;0,0155
2019-12-23;3224,009886;0,0156
2019-12-24;3223,3757;0,0155
2019-12-26;3239,907138;0,0155
2019-12-27;3240,020358;0,0154
2019-12-30;3221,291808;0,0154
2019-12-31;3230,78195;0,0152
2020-01-02;3257,847787;0,0151
2020-01-03;3234,848563;0,0149
2020-01-06;3246,282557;0,0153
2020-01-07;3237,182452;0,0151
2020-01-08;3253,045944;0,0151
2020-01-09;3274,704193;0,0151
2020-01-10;3265,351135;0,0151
2020-01-13;3288,13354;0,0154
2020-01-14;3283,152448;0,0154
2020-01-15;3289,292587;0,0154
2020-01-16;3316,805892;0,0152
2020-01-17;3329,622658;0,0153
2020-01-21;3320,790848;0,0153
2020-01-22;3321,746853;0,0152
2020-01-23;3325,542789;0,0152
2020-01-24;3295,473449;0,0151
2020-01-27;3243,628204;0,0152
2020-01-28;3276,24344;0,0154
2020-01-29;3273,402603;0,0153
2020-01-30;3283,659043;0,0154
2020-01-31;3225,516316;0,0152
2020-02-03;3248,924997;0,0154
2020-02-04;3297,588216;0,0154
2020-02-05;3334,694287;0,0154
2020-02-06;3345,780862;0,0154
2020-02-07;3327,706868;0,0153
2020-02-10;3352,093951;0,0155
2020-02-11;3357,747261;0,0154
2020-02-12;3379,45219;0,0155
2020-02-13;3373,937371;0,0156
2020-02-14;3380,157376;0,0155
2020-02-18;3370,286481;0,0155
2020-02-19;3386,152718;0,0155
2020-02-20;3373,231506;0,0155
2020-02-21;3337,747018;0,0153
2020-02-24;3225,886402;0,015
2020-02-25;3128,206581;0,015
2020-02-26;3116,389849;0,015
2020-02-27;2978,757832;0,0142
2020-02-28;2954,223684;0,0125
2020-03-02;3090,23284;0,011
2020-03-03;3003,365172;0,0093
2020-03-04;3130,116879;0,0071
2020-03-05;3023,940311;0,0061
2020-03-06;2972,371907;0,0045
2020-03-09;2746,559575;0,0032
2020-03-10;2882,225499;0,0043
2020-03-11;2741,383588;0,0041
2020-03-12;2480,641062;0,0033
2020-03-13;2711,021693;0,0027
2020-03-16;2386,133933;0,0024
2020-03-17;2529,194199;0,0019
2020-03-18;2398,095221;0,0002
2020-03-19;2409,386593;0,0004
2020-03-20;2304,9163;0,0005
2020-03-23;2237,395398;0,0002
2020-03-24;2447,330368;0,0001
2020-03-25;2475,558335;-0,0004
2020-03-26;2630,067156;-0,0005
2020-03-27;2541,469651;0,0003
2020-03-30;2626,645761;0,0012
2020-03-31;2584,59076;0,0011
2020-04-01;2470,50441;0,0009
2020-04-02;2526,90277;0,0009
2020-04-03;2488,648448;0,001
2020-04-06;2663,683764;0,0015
2020-04-07;2659,410632;0,0014
2020-04-08;2749,977696;0,0022
2020-04-09;2789,817333;0,0025
2020-04-13;2761,62721;0,0026
2020-04-14;2846,061093;0,002
2020-04-15;2783,362097;0,0014
2020-04-16;2799,552319;0,0014
2020-04-17;2874,564552;0,0012
2020-04-20;2823,156372;0,0012
2020-04-21;2736,563247;0,0011
2020-04-22;2799,314751;0,0012
2020-04-23;2797,796607;0,0011
2020-04-24;2836,739711;0,0012
2020-04-27;2878,479916;0,0012
2020-04-28;2863,39178;0,0011
2020-04-29;2939,505388;0,001
2020-04-30;2912,430525;0,0009
2020-05-01;2830,705049;0,0012
2020-05-04;2842,739065;0,0013
2020-05-05;2868,43539;0,0013
2020-05-06;2848,420665;0,0012
2020-05-07;2881,191449;0,0011
2020-05-08;2929,804663;0,0012
2020-05-11;2930,322833;0,0012
2020-05-12;2870,117419;0,0013
2020-05-13;2819,995847;0,0013
2020-05-14;2852,504186;0,0012
2020-05-15;2863,697499;0,0012
2020-05-18;2953,908346;0,0013
2020-05-19;2922,939685;0,0013
2020-05-20;2971,612178;0,0012
2020-05-21;2948,505568;0,0012
2020-05-22;2955,452689;0,0012
2020-05-26;2991,765054;0,0014
2020-05-27;3036,133176;0,0015
2020-05-28;3029,733092;0,0015
2020-05-29;3044,305155;0,0014
2020-06-01;3055,732871;0,0014
2020-06-02;3080,822168;0,0015
2020-06-03;3122,870199;0,0016
2020-06-04;3112,346436;0,0015
2020-06-05;3193,927762;0,0015
2020-06-08;3232,385746;0,0017
2020-06-09;3207,178056;0,0019
2020-06-10;3190,136034;0,0017
2020-06-11;3002,095352;0,0017
2020-06-12;3041,312324;0,0016
2020-06-15;3066,588842;0,0018
2020-06-16;3124,739927;0,0017
2020-06-17;3113,489062;0,0017
2020-06-18;3115,344768;0,0016
2020-06-19;3097,74249;0,0015
2020-06-22;3117,860833;0,0016
2020-06-23;3131,285629;0,0016
2020-06-24;3050,334747;0,0015
2020-06-25;3083,757684;0,0016
2020-06-26;3009,052398;0,0014
2020-06-29;3053,238892;0,0014
2020-06-30;3100,285129;0,0016
2020-07-01;3115,858421;0,0014
2020-07-02;3130,012686;0,0014
2020-07-06;3179,718754;0,0015
2020-07-07;3145,318;0,0015
2020-07-08;3169,943156;0,0015
2020-07-09;3152,048633;0,0013
2020-07-10;3185,042315;0,0013
2020-07-13;3155,223607;0,0014
2020-07-14;3197,522367;0,0015
2020-07-15;3226,559323;0,0016
2020-07-16;3215,574028;0,0011
2020-07-17;3224,730702;0,0011
2020-07-20;3251,84212;0,0013
2020-07-21;3257,298011;0,0013
2020-07-22;3276,016024;0,0013
2020-07-23;3235,663248;0,0012
2020-07-24;3215,629801;0,0011
2020-07-27;3239,406302;0,0011
2020-07-28;3218,435235;0,0011
2020-07-29;3258,438985;0,0011
2020-07-30;3246,22457;0,0009
2020-07-31;3271,12488;0,0009
2020-08-03;3294,613366;0,001
2020-08-04;3306,507552;0,0009
2020-08-05;3327,771072;0,001
2020-08-06;3349,156007;0,001
2020-08-07;3351,283233;0,001
2020-08-10;3360,472744;0,0011
2020-08-11;3333,689142;0,0011
2020-08-12;3380,349765;0,0011
2020-08-13;3373,425727;0,001
2020-08-14;3372,846828;0,001
2020-08-17;3381,994973;0,001
2020-08-18;3389,775019;0,0009
2020-08-19;3374,850266;0,0011
2020-08-20;3385,51352;0,0011
2020-08-21;3397,157731;0,001
2020-08-24;3431,282091;0,0012
2020-08-25;3443,622112;0,0011
2020-08-26;3478,732344;0,0011
2020-08-27;3484,550291;0,0011
2020-08-28;3508,014749;0,001
2020-08-31;3500,30852;0,0011
2020-09-01;3526,651303;0,0012
2020-09-02;3580,844334;0,0012
2020-09-03;3455,064907;0,0011
2020-09-04;3426,963908;0,0011
2020-09-08;3331,842834;0,0013
2020-09-09;3398,959339;0,0012
2020-09-10;3339,185066;0,0012
2020-09-11;3340,966175;0,0011
2020-09-14;3383,541642;0,0011
2020-09-15;3401,200967;0,0011
2020-09-16;3385,490996;0,0012
2020-09-17;3357,00997;0,0009
2020-09-18;3319,465835;0,001
2020-09-21;3281,059021;0,001
2020-09-22;3315,566343;0,001
2020-09-23;3236,920438;0,0011
2020-09-24;3246,587619;0,001
2020-09-25;3298,45686;0,001
2020-09-28;3351,599563;0,0011
2020-09-29;3335,474938;0,0009
2020-09-30;3362,998988;0,001
2020-10-01;3380,798563;0,0009
2020-10-02;3348,443749;0,0009
2020-10-05;3408,626824;0,001
2020-10-06;3360,952059;0,001
2020-10-07;3419,449304;0,001
2020-10-08;3446,828368;0,0009
2020-10-09;3477,134264;0,001
2020-10-13;3511,92992;0,0011
2020-10-14;3488,666045;0,0012
2020-10-15;3483,341378;0,0011
2020-10-16;3483,807843;0,0011
2020-10-19;3426,924084;0,0011
2020-10-20;3443,11676;0,001
2020-10-21;3435,555462;0,001
2020-10-22;3453,490181;0,0009
2020-10-23;3465,387216;0,001
2020-10-26;3400,968198;0,0011
2020-10-27;3390,684428;0,001
2020-10-28;3271,027385;0,001
2020-10-29;3310,112802;0,0009
2020-10-30;3269,959086;0,0009
2020-11-02;3310,241435;0,0009
2020-11-03;3369,15662;0,001
2020-11-04;3443,437073;0,001
2020-11-05;3510,447553;0,001
2020-11-06;3509,436483;0,001
2020-11-09;3550,499419;0,0011
2020-11-10;3545,533125;0,001
2020-11-12;3537,00948;0,001
2020-11-13;3585,153535;0,0009
2020-11-16;3626,907585;0,0009
2020-11-17;3609,531705;0,0009
2020-11-18;3567,789064;0,0009
2020-11-19;3581,866852;0,0007
2020-11-20;3557,543841;0,0007
2020-11-23;3577,590441;0,0008
2020-11-24;3635,406252;0,0009
2020-11-25;3629,645973;0,0009
2020-11-27;3638,353586;0,0009
2020-11-30;3621,633431;0,0008
2020-12-01;3662,453289;0,0009
2020-12-02;3669,005626;0,0009
2020-12-03;3666,716071;0,0008
2020-12-04;3699,121382;0,0009
2020-12-07;3691,963498;0,0008
2020-12-08;3702,247987;0,0009
2020-12-09;3672,819708;0,0008
2020-12-10;3668,103713;0,0008
2020-12-11;3663,457943;0,0008
2020-12-14;3647,493209;0,0009
2020-12-15;3694,622076;0,0008
2020-12-16;3701,173828;0,0009
2020-12-17;3722,482193;0,0008
2020-12-18;3709,408375;0,0008
2020-12-21;3694,9197;0,0009
2020-12-22;3687,26048;0,0009
2020-12-23;3690,013797;0,0009
2020-12-24;3703,057834;0,0009
2020-12-28;3735,355726;0,0011
2020-12-29;3727,040078;0,001
2020-12-30;3732,041998;0,0008
2020-12-31;3756,071469;0,0009
2021-01-04;3700,64683;0,0009
2021-01-05;3726,85581;0,0009
2021-01-06;3748,137823;0,0009
2021-01-07;3803,790392;0,0009
2021-01-08;3824,680944;0,0008
2021-01-11;3799,605166;0,0008
2021-01-12;3801,191142;0,0009
2021-01-13;3809,843285;0,0009
2021-01-14;3795,541366;0,0009
2021-01-15;3768,24629;0,0009
2021-01-19;3798,907531;0,0009
2021-01-20;3851,845936;0,0008
2021-01-21;3853,073298;0,0009
2021-01-22;3841,465571;0,0008
2021-01-25;3855,355735;0,0009
2021-01-26;3849,621265;0,0007
2021-01-27;3750,773205;0,0008
2021-01-28;3787,376856;0,0007
2021-01-29;3714,24269;0,0006
2021-02-01;3773,857104;0,0007
2021-02-02;3826,312895;0,0007
2021-02-03;3830,172536;0,0004
2021-02-04;3871,740604;0,0004
2021-02-05;3886,831681;0,0003
2021-02-08;3915,588575;0,0005
2021-02-09;3911,227665;0,0004
2021-02-10;3909,879748;0,0005
2021-02-11;3916,37501;0,0005
2021-02-12;3934,833673;0,0004
2021-02-16;3932,589251;0,0004
2021-02-17;3931,330516;0,0004
2021-02-18;3913,971292;0,0003
2021-02-19;3906,707848;0,0004
2021-02-22;3876,499884;0,0003
2021-02-23;3881,368924;0,0004
2021-02-24;3925,427648;0,0003
2021-02-25;3829,336091;0,0004
2021-02-26;3811,14975;0,0004
2021-03-01;3901,815586;0,0005
2021-03-02;3870,293829;0,0004
2021-03-03;3819,716534;0,0005
2021-03-04;3768,473666;0,0004
2021-03-05;3841,941371;0,0004
2021-03-08;3821,346679;0,0005
2021-03-09;3875,442473;0,0005
2021-03-10;3898,805102;0,0004
2021-03-11;3939,338393;0,0004
2021-03-12;3943,342795;0,0004
2021-03-15;3968,937213;0,0004
2021-03-16;3962,707533;0,0002
2021-03-17;3974,116307;0,0002
2021-03-18;3915,461274;0,0001
2021-03-19;3913,099205;0,0001
2021-03-22;3940,585237;0,0003
2021-03-23;3910,515836;0,0001
2021-03-24;3889,141982;0,0002
2021-03-25;3909,515508;0,0002
2021-03-26;3974,536873;0,0002
2021-03-29;3971,094741;0,0003
2021-03-30;3958,552335;0,0002
2021-03-31;3972,892208;0,0003
2021-04-01;4019,865445;0,0002
2021-04-05;4077,913702;0,0003
2021-04-06;4073,940668;0,0002
2021-04-07;4079,952926;0,0002
2021-04-08;4097,168046;0,0001
2021-04-09;4128,80208;0,0002
2021-04-12;4127,993234;0,0002
2021-04-13;4141,593759;0,0003
2021-04-14;4124,66063;0,0002
2021-04-15;4170,42279;0,0002
2021-04-16;4185,468711;0,0002
2021-04-19;4163,258095;0,0002
2021-04-20;4134,939425;0,0003
2021-04-21;4173,421559;0,0003
2021-04-22;4134,981665;0,0003
2021-04-23;4180,167376;0,0003
2021-04-26;4187,61747;0,0003
2021-04-27;4186,718222;0,0001
2021-04-28;4183,183002;0,0001
2021-04-29;4211,474874;0,0001
2021-04-30;4181,174895;0,0001
2021-05-03;4192,657608;0,0004
2021-05-04;4164,659037;0,0002
2021-05-05;4167,587767;0,0002
2021-05-06;4201,61878;0,0002
2021-05-07;4232,601378;0,0002
2021-05-10;4188,42735;0,0002
2021-05-11;4152,095308;0,0001
2021-05-12;4063,03788;0,0002
2021-05-13;4112,496014;0,0002
2021-05-14;4173,854094;0,0001
2021-05-17;4163,290455;0,0002
2021-05-18;4127,829825;0,0002
2021-05-19;4115,676785;0,0001
2021-05-20;4159,124418;0,0001
2021-05-21;4155,857812;0,0001
2021-05-24;4197,047252;0,0002
2021-05-25;4188,134113;0,0002
2021-05-26;4195,993634;0,0002
2021-05-27;4200,875802;0,0002
2021-05-28;4204,110546;0,0001
2021-06-01;4202,041609;0,0002
2021-06-02;4208,11922;0,0002
2021-06-03;4192,854814;0,0002
2021-06-04;4229,890604;0,0002
2021-06-07;4226,520178;0,0002
2021-06-08;4227,255004;0,0002
2021-06-09;4219,546831;0,0003
2021-06-10;4239,184154;0,0003
2021-06-11;4247,439785;0,0003
2021-06-14;4255,15033;0,0003
2021-06-15;4246,593978;0,0003
2021-06-16;4223,704192;0,0004
2021-06-17;4221,858332;0,0004
2021-06-18;4166,453237;0,0005
2021-06-21;4224,787804;0,0005
2021-06-22;4246,435018;0,0004
2021-06-23;4241,835989;0,0005
2021-06-24;4266,485781;0,0005
2021-06-25;4280,702422;0,0006
2021-06-28;4290,607785;0,0005
2021-06-29;4291,801656;0,0004
2021-06-30;4297,496632;0,0005
2021-07-01;4319,940081;0,0005
2021-07-02;4352,338879;0,0005
2021-07-06;4343,543069;0,0005
2021-07-07;4358,133227;0,0005
2021-07-08;4320,817646;0,0006
2021-07-09;4369,550998;0,0006
2021-07-12;4384,625725;0,0005
2021-07-13;4369,209766;0,0005
2021-07-14;4374,296633;0,0006
2021-07-15;4360,026744;0,0005
2021-07-16;4327,158154;0,0005
2021-07-19;4258,492631;0,0005
2021-07-20;4323,058604;0,0005
2021-07-21;4358,693294;0,0005
2021-07-22;4367,47506;0,0005
2021-07-23;4411,792422;0,0005
2021-07-26;4422,303542;0,0005
2021-07-27;4401,463058;0,0005
2021-07-28;4400,635507;0,0005
2021-07-29;4419,148765;0,0006
2021-07-30;4395,263972;0,0006
2021-08-02;4387,155946;0,0005
2021-08-03;4423,153624;0,0005
2021-08-04;4402,661048;0,0005
2021-08-05;4429,102989;0,0005
2021-08-06;4436,517757;0,0006
2021-08-09;4432,352995;0,0006
2021-08-10;4436,752879;0,0005
2021-08-11;4447,703577;0,0005
2021-08-12;4460,831919;0,0006
2021-08-13;4468,003244;0,0006
2021-08-16;4479,70872;0,0006
2021-08-17;4448,075405;0,0007
2021-08-18;4400,266336;0,0007
2021-08-19;4405,802893;0,0006
2021-08-20;4441,665182;0,0005
2021-08-23;4479,530464;0,0005
2021-08-24;4486,234137;0,0005
2021-08-25;4496,190894;0,0006
2021-08-26;4469,996354;0,0005
2021-08-27;4509,369089;0,0005
2021-08-30;4528,793664;0,0005
2021-08-31;4522,680119;0,0004
2021-09-01;4524,092271;0,0005
2021-09-02;4536,946164;0,0005
2021-09-03;4535,432645;0,0005
2021-09-07;4520,027755;0,0005
2021-09-08;4514,068525;0,0005
2021-09-09;4493,284297;0,0004
2021-09-10;4458,579855;0,0005
2021-09-13;4468,726298;0,0006
2021-09-14;4443,049865;0,0004
2021-09-15;4480,701494;0,0004
2021-09-16;4473,752752;0,0004
2021-09-17;4432,98748;0,0004
2021-09-20;4357,727866;0,0004
2021-09-21;4354,188856;0,0003
2021-09-22;4395,637139;0,0003
2021-09-23;4448,984053;0,0003
2021-09-24;4455,477916;0,0003
2021-09-27;4443,110401;0,0004
2021-09-28;4352,634347;0,0004
2021-09-29;4359,461058;0,0004
2021-09-30;4307,538751;0,0004
2021-10-01;4357,038875;0,0004
2021-10-04;4300,459012;0,0004
2021-10-05;4345,71622;0,0004
2021-10-06;4363,545162;0,0004
2021-10-07;4399,763308;0,0005
2021-10-08;4391,338052;0,0005
2021-10-12;4350,645968;0,0006
2021-10-13;4363,804508;0,0005
2021-10-14;4438,26438;0,0005
2021-10-15;4471,368454;0,0005
2021-10-18;4486,460492;0,0006
2021-10-19;4519,630612;0,0005
2021-10-20;4536,19214;0,0005
2021-10-21;4549,781347;0,0006
2021-10-22;4544,898253;0,0006
2021-10-25;4566,478002;0,0006
2021-10-26;4574,788837;0,0006
2021-10-27;4551,681135;0,0006
2021-10-28;4596,415079;0,0006
2021-10-29;4605,376648;0,0005
2021-11-01;4613,673008;0,0005
2021-11-02;4630,653361;0,0005
2021-11-03;4660,569583;0,0005
2021-11-04;4680,055843;0,0004
2021-11-05;4697,526805;0,0005
2021-11-08;4701,702043;0,0006
2021-11-09;4685,251177;0,0004
2021-11-10;4646,707668;0,0005
2021-11-12;4682,847396;0,0005
2021-11-15;4682,803544;0,0005
2021-11-16;4700,89713;0,0005
2021-11-17;4688,6707;0,0005
2021-11-18;4704,541943;0,0005
2021-11-19;4697,955106;0,0005
2021-11-22;4682,943948;0,0005
2021-11-23;4690,698051;0,0006
2021-11-24;4701,464854;0,0006
2021-11-26;4594,618278;0,0006
2021-11-29;4655,270189;0,0006
2021-11-30;4567,001494;0,0005
2021-12-01;4513,036155;0,0006
2021-12-02;4577,100532;0,0005
2021-12-03;4538,427865;0,0006
2021-12-06;4591,671795;0,0006
2021-12-07;4686,745461;0,0006
2021-12-08;4701,207864;0,0007
2021-12-09;4667,453953;0,0006
2021-12-10;4712,024136;0,0006
2021-12-13;4668,972086;0,0005
2021-12-14;4634,087615;0,0005
2021-12-15;4709,853905;0,0006
2021-12-16;4668,671197;0,0005
2021-12-17;4620,638985;0,0005
2021-12-20;4568,017243;0,0007
2021-12-21;4649,226641;0,0007
2021-12-22;4696,561572;0,0008
2021-12-23;4725,788242;0,0008
2021-12-27;4791,191955;0,0006
2021-12-28;4786,354117;0,0006
2021-12-29;4793,058121;0,0005
2021-12-30;4778,726906;0,0005
2021-12-31;4766,182972;0,0006
2022-01-03;4796,561248;0,0009
2022-01-04;4793,537223;0,0008
2022-01-05;4700,578368;0,0009
2022-01-06;4696,053828;0,001
2022-01-07;4677,027657;0,001
2022-01-10;4670,290379;0,0013
2022-01-11;4713,067322;0,0012
2022-01-12;4726,345723;0,0012
2022-01-13;4659,02549;0,0012
2022-01-14;4662,854119;0,0013
2022-01-18;4577,108401;0,0017
2022-01-19;4532,759623;0,0017
2022-01-20;4482,727603;0,0018
2022-01-21;4397,939175;0,0017
2022-01-24;4410,127426;0,002
2022-01-25;4356,453875;0,002
2022-01-26;4349,928636;0,0019
2022-01-27;4326,513682;0,002
2022-01-28;4431,849119;0,0019
2022-01-31;4515,547579;0,0024
2022-02-01;4546,539026;0,002
2022-02-02;4589,37656;0,002
2022-02-03;4477,441954;0,0021
2022-02-04;4500,531457;0,0023
2022-02-07;4483,865293;0,0028
2022-02-08;4521,538866;0,0027
2022-02-09;4587,178889;0,0027
2022-02-10;4504,084787;0,0041
2022-02-11;4418,636517;0,0037
2022-02-14;4401,666982;0,0045
2022-02-15;4471,074247;0,0041
2022-02-16;4475,0111;0,0039
2022-02-17;4380,258563;0,0037
2022-02-18;4348,869197;0,0035
2022-02-22;4304,757602;0,0039
2022-02-23;4225,504881;0,0036
2022-02-24;4288,696013;0,0033
2022-02-25;4384,654491;0,0033
2022-02-28;4373,939149;0,0037
2022-03-01;4306,258893;0,0032
2022-03-02;4386,544091;0,0033
2022-03-03;4363,486749;0,0037
2022-03-04;4328,872886;0,0033
2022-03-07;4201,087793;0,0038
2022-03-08;4170,704104;0,0036
2022-03-09;4277,880102;0,0038
2022-03-10;4259,524999;0,0038
2022-03-11;4204,311851;0,0039
2022-03-14;4173,111725;0,0045
2022-03-15;4262,445606;0,0046
2022-03-16;4357,857096;0,0043
2022-03-17;4411,667616;0,004
2022-03-18;4463,11759;0,0041
2022-03-21;4461,180137;0,0055
2022-03-22;4511,606159;0,0051
2022-03-23;4456,236047;0,005
2022-03-24;4520,161526;0,005
2022-03-25;4543,056379;0,0053
2022-03-28;4575,516325;0,006
2022-03-29;4631,604852;0,0056
2022-03-30;4602,448612;0,0055
2022-03-31;4530,413452;0,0051
2022-04-01;4545,855537;0,0052
2022-04-04;4582,636094;0,0067
2022-04-05;4525,12211;0,0065
2022-04-06;4481,153336;0,0067
2022-04-07;4500,209423;0,0068
2022-04-08;4488,281751;0,0069
2022-04-11;4412,528779;0,0078
2022-04-12;4397,447236;0,0074
2022-04-13;4446,591793;0,0075
2022-04-14;4392,587662;0,0078
2022-04-18;4391,690372;0,0082
2022-04-19;4462,210079;0,0082
2022-04-20;4459,450335;0,0082
2022-04-21;4393,663475;0,0082
2022-04-22;4271,775619;0,0082
2022-04-25;4296,116465;0,0093
2022-04-26;4175,197276;0,0084
2022-04-27;4183,955297;0,0082
2022-04-28;4287,501063;0,0081
2022-04-29;4131,92641;0,0083
2022-05-02;4155,377569;0,009
2022-05-03;4175,475703;0,009
2022-05-04;4300,173766;0,0088
2022-05-05;4146,867602;0,0084
2022-05-06;4123,33565;0,0084
2022-05-09;3991,23738;0,0092
2022-05-10;4001,054695;0,0089
2022-05-11;3935,184603;0,009
2022-05-12;3930,081903;0,0095
2022-05-13;4023,89127;0,0101
2022-05-16;4008,010483;0,0107
2022-05-17;4088,850412;0,0106
2022-05-18;3923,679764;0,0102
2022-05-19;3900,786939;0,0104
2022-05-20;3901,360576;0,0101
2022-05-23;3973,751583;0,0107
2022-05-24;3941,476943;0,0105
2022-05-25;3978,732681;0,0105
2022-05-26;4057,84078;0,0106
2022-05-27;4158,238361;0,0106
2022-05-31;4132,147782;0,0113
2022-06-01;4101,229812;0,0112
2022-06-02;4176,817943;0,0113
2022-06-03;4108,535408;0,0117
2022-06-06;4121,429431;0,0123
2022-06-07;4160,683327;0,0124
2022-06-08;4115,772471;0,0125
2022-06-09;4017,818495;0,0126
2022-06-10;3900,864476;0,0134
2022-06-13;3749,627287;0,0169
2022-06-14;3735,483134;0,0178
2022-06-15;3789,986325;0,0169
2022-06-16;3666,767502;0,0154
2022-06-17;3674,84136;0,0158
2022-06-21;3764,787971;0,0166
2022-06-22;3759,893112;0,0157
2022-06-23;3795,727406;0,0159
2022-06-24;3911,743851;0,0166
2022-06-27;3900,114131;0,0175
2022-06-28;3821,545859;0,0175
2022-06-29;3818,832719;0,0173
2022-06-30;3785,384846;0,0166
2022-07-01;3825,326105;0,0166
2022-07-05;3831,390402;0,0186
2022-07-06;3845,081223;0,0185
2022-07-07;3902,622495;0,0189
2022-07-08;3899,377148;0,0191
2022-07-11;3854,433263;0,0213
2022-07-12;3818,797783;0,0216
2022-07-13;3801,780627;0,0233
2022-07-14;3790,377382;0,0233
2022-07-15;3863,162827;0,0229
2022-07-18;3830,852851;0,0244
2022-07-19;3936,68953;0,0246
2022-07-20;3959,89872;0,0244
2022-07-21;3998,95142;0,024
2022-07-22;3961,634881;0,0241
2022-07-25;3966,844984;0,0255
2022-07-26;3921,049611;0,0248
2022-07-27;4023,612423;0,0237
2022-07-28;4072,4343;0,0235
2022-07-29;4130,285774;0,0234
2022-08-01;4118,629566;0,0248
2022-08-02;4091,185103;0,0248
2022-08-03;4155,172736;0,0244
2022-08-04;4151,944184;0,0241
2022-08-05;4145,189077;0,0248
2022-08-08;4140,058351;0,0257
2022-08-09;4122,465867;0,0258
2022-08-10;4210,240513;0,0256
2022-08-11;4207,274432;0,0252
2022-08-12;4280,150528;0,0253
2022-08-15;4297,143481;0,0263
2022-08-16;4305,199324;0,0261
2022-08-17;4274,038653;0,0259
2022-08-18;4283,742822;0,0261
2022-08-19;4228,478488;0,0264
2022-08-22;4137,985374;0,0274
2022-08-23;4128,728611;0,0271
2022-08-24;4140,768431;0,0273
2022-08-25;4199,119587;0,0278
2022-08-26;4057,663071;0,0278
2022-08-29;4030,612996;0,0289
2022-08-30;3986,161883;0,0288
2022-08-31;3954,999001;0,0287
2022-09-01;3966,850262;0,0288
2022-09-02;3924,25958;0,0285
2022-09-06;3908,189988;0,0296
2022-09-07;3979,874896;0,0298
2022-09-08;4006,179117;0,0297
2022-09-09;4067,362325;0,0298
2022-09-12;4110,40806;0,0309
2022-09-13;3932,6933;0,0319
2022-09-14;3946,012382;0,0314
2022-09-15;3901,352835;0,0312
2022-09-16;3873,334273;0,031
2022-09-19;3899,885942;0,0329
2022-09-20;3855,934321;0,0326
2022-09-21;3789,932741;0,0321
2022-09-22;3757,991178;0,0319
2022-09-23;3693,233529;0,0312
2022-09-26;3655,042215;0,033
2022-09-27;3647,289929;0,0326
2022-09-28;3719,03873;0,0329
2022-09-29;3640,46814;0,0326
2022-09-30;3585,624104;0,0322
2022-10-03;3678,428813;0,0334
2022-10-04;3790,928857;0,0332
2022-10-05;3783,281381;0,0333
2022-10-06;3744,519832;0,0332
2022-10-07;3639,660026;0,0331
2022-10-11;3588,841908;0,0353
2022-10-12;3577,031654;0,0356
2022-10-13;3669,905665;0,0364
2022-10-14;3583,069115;0,0365
2022-10-17;3677,953797;0,0382
2022-10-18;3719,982716;0,0389
2022-10-19;3695,155137;0,0391
2022-10-20;3665,7803;0,0391
2022-10-21;3752,747853;0,039
2022-10-24;3797,337771;0,04
2022-10-25;3859,113515;0,0397
2022-10-26;3830,59586;0,0394
2022-10-27;3807,298117;0,0395
2022-10-28;3901,063797;0,0399
2022-10-31;3871,977221;0,0406
2022-11-01;3856,101786;0,0406
2022-11-02;3759,690465;0,0404
2022-11-03;3719,893285;0,0406
2022-11-04;3770,546438;0,0402
2022-11-07;3806,804983;0,0412
2022-11-08;3828,108068;0,041
2022-11-09;3748,572551;0,0411
2022-11-10;3956,370267;0,0409
2022-11-14;3957,253007;0,0416
2022-11-15;3991,73333;0,0414
2022-11-16;3958,793388;0,0414
2022-11-17;3946,557985;0,0413
2022-11-18;3965,339301;0,0415
2022-11-21;3949,937176;0,0423
2022-11-22;4003,578437;0,0421
2022-11-23;4027,262183;0,0421
2022-11-25;4026,115498;0,0422
2022-11-28;3963,941853;0,043
2022-11-29;3957,625893;0,0427
2022-11-30;4080,106552;0,0427
2022-12-01;4076,566473;0,0422
2022-12-02;4071,700033;0,0422
2022-12-05;3998,840092;0,0427
2022-12-06;3941,260014;0,0427
2022-12-07;3933,923915;0,042
2022-12-08;3963,511718;0,0417
2022-12-09;3934,376476;0,0419
2022-12-12;3990,55748;0,0429
2022-12-13;4019,654368;0,0426
2022-12-14;3995,318726;0,0423
2022-12-15;3895,753348;0,0422
2022-12-16;3852,363593;0,042
2022-12-19;3817,658159;0,0428
2022-12-20;3821,619359;0,0425
2022-12-21;3878,439974;0,0422
2022-12-22;3822,386685;0,0424
2022-12-23;3844,815029;0,0423
2022-12-27;3829,24925;0,0435
2022-12-28;3783,221915;0,0435
2022-12-29;3849,283229;0,0434
2022-12-30;3839,496587;0,043
2023-01-03;3824,13818;0,044
2023-01-04;3852,965608;0,0441
2023-01-05;3808,102907;0,0451
2023-01-06;3895,075568;0,0451
2023-01-09;3892,091025;0,0455
2023-01-10;3919,25345;0,0457
2023-01-11;3969,614106;0,0457
2023-01-12;3983,166533;0,045
2023-01-13;3999,090836;0,0451
2023-01-17;3990,970135;0,0456
2023-01-18;3928,862348;0,0454
2023-01-19;3898,854763;0,0455
2023-01-20;3972,610453;0,0457
2023-01-23;4019,814101;0,0458
2023-01-24;4016,949713;0,0457
2023-01-25;4016,219241;0,0456
2023-01-26;4060,427351;0,0455
2023-01-27;4070,558292;0,0457
2023-01-30;4017,77257;0,0459
2023-01-31;4076,603819;0,0458
2023-02-01;4119,210404;0,0454
2023-02-02;4179,755591;0,0453
2023-02-03;4136,4816;0,0457
2023-02-06;4111,080882;0,0459
2023-02-07;4163,999551;0,0459
2023-02-08;4117,864805;0,0459
2023-02-09;4081,504615;0,0464
2023-02-10;4090,461965;0,0466
2023-02-13;4137,28705;0,0468
2023-02-14;4136,133004;0,0467
2023-02-15;4147,602929;0,0466
2023-02-16;4090,409027;0,047
2023-02-17;4079,094662;0,047
2023-02-21;3997,336794;0,0472
2023-02-22;3991,047655;0,0471
2023-02-23;4012,323176;0,0471
2023-02-24;3970,036776;0,0472
2023-02-27;3982,24028;0,0474
2023-02-28;3970,153442;0,0472
2023-03-01;3951,394311;0,0473
2023-03-02;3981,352282;0,0474
2023-03-03;4045,637648;0,0474
2023-03-06;4048,417815;0,0476
2023-03-07;3986,372772;0,0487
2023-03-08;3992,013239;0,0489
2023-03-09;3918,321416;0,0487
2023-03-10;3861,589908;0,0483
2023-03-13;3855,76186;0,047
2023-03-14;3919,286959;0,0471
2023-03-15;3891,926749;0,0459
2023-03-16;3960,281132;0,0457
2023-03-17;3916,637239;0,0436
2023-03-20;3951,568898;0,0465
2023-03-21;4002,873465;0,0462
2023-03-22;3936,971392;0,0463
2023-03-23;3948,72373;0,0457
2023-03-24;3970,986412;0,0457
2023-03-27;3977,528158;0,0475
2023-03-28;3971,270193;0,0464
2023-03-29;4027,811836;0,0464
2023-03-30;4050,829097;0,048
2023-03-31;4109,312445;0,0468
2023-04-03;4124,506033;0,0477
2023-04-04;4100,598999;0,0474
2023-04-05;4090,375286;0,0472
2023-04-06;4105,018743;0,0477
2023-04-10;4109,112376;0,0494
2023-04-11;4108,941032;0,0489
2023-04-12;4091,954122;0,0487
2023-04-13;4146,216085;0,0495
2023-04-14;4137,638735;0,0498
2023-04-17;4151,322391;0,0506
2023-04-18;4154,870106;0,0504
2023-04-19;4154,51899;0,0501
2023-04-20;4129,792369;0,0497
2023-04-21;4133,52132;0,0498
2023-04-24;4137,044586;0,0504
2023-04-25;4071,630426;0,0497
2023-04-26;4055,987783;0,05
2023-04-27;4135,352229;0,0503
2023-04-28;4169,481401;0,0495
2023-05-01;4167,866886;0,051
2023-05-02;4119,580445;0,0508
2023-05-03;4090,752224;0,0509
2023-05-04;4061,216889;0,051
2023-05-05;4136,253355;0,051
2023-05-08;4138,122979;0,0515
2023-05-09;4119,173365;0,0513
2023-05-10;4137,64219;0,0508
2023-05-11;4130,621269;0,0504
2023-05-12;4124,081022;0,0508
2023-05-15;4136,284214;0,0506
2023-05-16;4109,897006;0,0507
2023-05-17;4158,770772;0,051
2023-05-18;4198,050949;0,0514
2023-05-19;4191,979788;0,0512
2023-05-22;4192,630704;0,0524
2023-05-23;4145,575185;0,0518
2023-05-24;4115,238566;0,0521
2023-05-25;4151,279874;0,0521
2023-05-26;4205,452528;0,0516
2023-05-30;4205,520694;0,0528
2023-05-31;4179,825462;0,0526
2023-06-01;4221,020216;0,0524
2023-06-02;4282,365573;0,0523
2023-06-05;4273,794187;0,052
2023-06-06;4283,848385;0,0518
2023-06-07;4267,518462;0,0516
2023-06-08;4293,927769;0,0512
2023-06-09;4298,857314;0,0511
2023-06-12;4338,934437;0,0514
2023-06-13;4369,006386;0,0511
2023-06-14;4372,589443;0,051
2023-06-15;4425,844265;0,0507
2023-06-16;4409,594361;0,0509
2023-06-20;4388,709756;0,0514
2023-06-21;4365,689833;0,0515
2023-06-22;4381,890477;0,0515
2023-06-23;4348,330671;0,0515
2023-06-26;4328,821608;0,0524
2023-06-27;4378,405324;0,0519
2023-06-28;4376,863711;0,0518
2023-06-29;4396,443418;0,052
2023-06-30;4450,381312;0,0517
2023-07-03;4455,593876;0,0521
2023-07-05;4446,824775;0,0521
2023-07-06;4411,590733;0,0523
2023-07-07;4398,95266;0,0522
2023-07-10;4409,525804;0,0525
2023-07-11;4439,256332;0,0525
2023-07-12;4472,160326;0,0524
2023-07-13;4510,041797;0,0524
2023-07-14;4505,420339;0,0525
2023-07-17;4522,7931;0,0526
2023-07-18;4554,976946;0,0525
2023-07-19;4565,716709;0,0526
2023-07-20;4534,867554;0,0526
2023-07-21;4536,338537;0,0527
2023-07-24;4554,642441;0,0528
2023-07-25;4567,463704;0,0528
2023-07-26;4566,751717;0,0528
2023-07-27;4537,411865;0,0528
2023-07-28;4582,231325;0,0528
2023-07-31;4588,961138;0,0528
2023-08-01;4576,72915;0,0527
2023-08-02;4513,393857;0,0527
2023-08-03;4501,885675;0,0527
2023-08-04;4478,033843;0,0528
2023-08-07;4518,443364;0,0529
2023-08-08;4499,37726;0,053
2023-08-09;4467,714093;0,0528
2023-08-10;4468,834773;0,0528
2023-08-11;4464,054563;0,0528
2023-08-14;4489,718332;0,0529
2023-08-15;4437,859049;0,0529
2023-08-16;4404,333468;0,0529
2023-08-17;4370,360064;0,0529
2023-08-18;4369,711501;0,0528
2023-08-21;4399,769101;0,053
2023-08-22;4387,5487;0,053
2023-08-23;4436,011741;0,053
2023-08-24;4376,314948;0,0531
2023-08-25;4405,705731;0,0534
2023-08-28;4433,305645;0,0534
2023-08-29;4497,631665;0,0533
2023-08-30;4514,865259;0,0532
2023-08-31;4507,661792;0,0532
2023-09-01;4515,767396;0,053
2023-09-05;4496,827283;0,0532
2023-09-06;4465,484764;0,0531
2023-09-07;4451,137978;0,053
2023-09-08;4457,489309;0,0531
2023-09-11;4487,463862;0,0532
2023-09-12;4461,904917;0,0532
2023-09-13;4467,441929;0,0531
2023-09-14;4505,096281;0,0531
2023-09-15;4450,316283;0,0532
2023-09-18;4453,533797;0,0531
2023-09-19;4443,9475;0,0531
2023-09-20;4402,20354;0,0533
2023-09-21;4330,004854;0,0533
2023-09-22;4320,057127;0,0532
2023-09-25;4337,444983;0,0535
2023-09-26;4273,528315;0,0534
2023-09-27;4274,509414;0,0534
2023-09-28;4299,701992;0,0532
2023-09-29;4288,054123;0,0532
2023-10-02;4288,390702;0,0535
2023-10-03;4229,45303;0,0535
2023-10-04;4263,751145;0,0534
2023-10-05;4258,185806;0,0534
2023-10-06;4308,502259;0,0536
2023-10-10;4358,237859;0,0534
2023-10-11;4376,945183;0,0534
2023-10-12;4349,605776;0,0535
2023-10-13;4327,783027;0,0535
2023-10-16;4373,634807;0,0534
2023-10-17;4373,195988;0,0535
2023-10-18;4314,600653;0,0534
2023-10-19;4277,997431;0,0533
2023-10-20;4224,159483;0,0531
2023-10-23;4217,043389;0,0532
2023-10-24;4247,676835;0,0531
2023-10-25;4186,765248;0,0532
2023-10-26;4137,230845;0,0532
2023-10-27;4117,373828;0,0532
2023-10-30;4166,815141;0,0533
2023-10-31;4193,800955;0,0533
2023-11-01;4237,855649;0,0531
2023-11-02;4317,775475;0,0528
2023-11-03;4358,335182;0,0527
2023-11-06;4365,978018;0,0529
2023-11-07;4378,379143;0,0528
2023-11-08;4382,783784;0,0528
2023-11-09;4347,349319;0,0527
2023-11-10;4415,244691;0,0526
2023-11-13;4411,55489;0,0528
2023-11-14;4495,701589;0,0526
2023-11-15;4502,87883;0,0526
2023-11-16;4508,243496;0,0525
2023-11-17;4514,017863;0,0525
2023-11-20;4547,377486;0,0527
2023-11-21;4538,191661;0,0526
2023-11-22;4556,619222;0,0527
2023-11-24;4559,335209;0,0528
2023-11-27;4550,428046;0,0528
2023-11-28;4554,890556;0,0527
2023-11-29;4550,582317;0,0525
2023-11-30;4567,798642;0,0525
2023-12-01;4594,631581;0,0523
2023-12-04;4569,781563;0,0526
2023-12-05;4567,182974;0,0525
2023-12-06;4549,337382;0,0525
2023-12-07;4585,586192;0,0524
2023-12-08;4604,372254;0,0524
2023-12-11;4622,440774;0,0526
2023-12-12;4643,701773;0,0526
2023-12-13;4707,091362;0,0524
2023-12-14;4719,551919;0,0523
2023-12-15;4719,190649;0,0524
2023-12-18;4740,556014;0,0526
2023-12-19;4768,36537;0,0523
2023-12-20;4698,351948;0,0524
2023-12-21;4746,74564;0,0522
2023-12-22;4754,631447;0,0524
2023-12-26;4774,750596;0,0525
2023-12-27;4781,578804;0,0524
2023-12-28;4783,347381;0,0525
2023-12-29;4769,829411;0,052
2024-01-02;4742,829488;0,0522
2024-01-03;4704,811089;0,0524
2024-01-04;4688,676011;0,0524
2024-01-05;4697,24494;0,0524
2024-01-08;4763,537277;0,0525
2024-01-09;4756,496539;0,0524
2024-01-10;4783,449117;0,0523
2024-01-11;4780,242468;0,0523
2024-01-12;4783,831067;0,0522
2024-01-16;4765,976022;0,0522
2024-01-17;4739,208141;0,0524
2024-01-18;4780,937648;0,0522
2024-01-19;4839,811424;0,0522
2024-01-22;4850,425674;0,0522
2024-01-23;4864,596718;0,0521
2024-01-24;4868,553921;0,0521
2024-01-25;4894,155578;0,0521
2024-01-26;4890,970513;0,0521
2024-01-29;4927,928815;0,0522
2024-01-30;4924,973893;0,0521
2024-01-31;4845,647176;0,0522
2024-02-01;4906,194044;0,0522
2024-02-02;4958,613892;0,0523
2024-02-05;4942,805883;0,0522
2024-02-06;4954,230505;0,0523
2024-02-07;4995,055847;0,0523
2024-02-08;4997,905368;0,0523
2024-02-09;5026,608575;0,0524
2024-02-12;5021,844476;0,0523
2024-02-13;4953,167955;0,0525
2024-02-14;5000,620073;0,0523
2024-02-15;5029,734713;0,0523
2024-02-16;5005,568451;0,0524
2024-02-20;4975,511267;0,0524
2024-02-21;4981,796998;0,0524
2024-02-22;5087,032433;0,0525
2024-02-23;5088,799948;0,0526
2024-02-26;5069,530514;0,0526
2024-02-27;5078,182518;0,0525
2024-02-28;5069,756506;0,0524
2024-02-29;5096,2695;0,0525
2024-03-01;5137,083799;0,0523
2024-03-04;5130,949153;0,0524
2024-03-05;5078,653996;0,0523
2024-03-06;5104,757159;0,0524
2024-03-07;5157,359283;0,0524
2024-03-08;5123,691092;0,0524
2024-03-11;5117,936755;0,0524
2024-03-12;5175,267617;0,0525
2024-03-13;5165,311853;0,0525
2024-03-14;5150,479919;0,0525
2024-03-15;5117,088217;0,0525
2024-03-18;5149,417467;0,0525
2024-03-19;5178,509256;0,0524
2024-03-20;5224,623236;0,0524
2024-03-21;5241,532797;0,0525
2024-03-22;5234,18006;0,0524
2024-03-25;5218,186625;0,0523
2024-03-26;5203,584203;0,0522
2024-03-27;5248,493133;0,0522
2024-03-28;5254,354401;0,0523
2024-04-01;5243,772947;0,0523
2024-04-02;5205,811086;0,0522
2024-04-03;5211,486091;0,0522
2024-04-04;5147,20898;0,0521
2024-04-05;5204,335137;0,0523
2024-04-08;5202,39193;0,0523
2024-04-09;5209,910837;0,0523
2024-04-10;5160,639787;0,0525
2024-04-11;5199,056773;0,0525
2024-04-12;5123,406822;0,0525
2024-04-15;5061,815525;0,0525
2024-04-16;5051,413945;0,0525
2024-04-17;5022,208038;0,0525
2024-04-18;5011,122755;0,0525
2024-04-19;4967,234896;0,0525
2024-04-22;5010,604645;0,0522
2024-04-23;5070,551227;0,0525
2024-04-24;5071,628471;0,0526
2024-04-25;5048,415712;0,0526
2024-04-26;5099,962451;0,0525
2024-04-29;5116,167558;0,0525
2024-04-30;5035,691678;0,0525
2024-05-01;5018,385;0,0526
2024-05-02;5064,19527;0,0525
2024-05-03;5127,786627;0,0525
2024-05-06;5180,740692;0,0525
2024-05-07;5187,697862;0,0525
2024-05-08;5187,670738;0,0525
2024-05-09;5214,081425;0,0525
2024-05-10;5222,675366;0,0526
2024-05-13;5221,415635;0,0525
2024-05-14;5246,680518;0,0524
2024-05-15;5308,149592;0,0525
2024-05-16;5297,098455;0,0525
2024-05-17;5303,269661;0,0525
2024-05-20;5308,132267;0,0525
2024-05-21;5321,412019;0,0525
2024-05-22;5307,005223;0,0525
2024-05-23;5267,838066;0,0526
2024-05-24;5304,717602;0,0526
2024-05-28;5306,044475;0,0526
2024-05-29;5266,949358;0,0526
2024-05-30;5235,477262;0,0526
2024-05-31;5277,507345;0,0525
2024-06-03;5283,396867;0,0526
2024-06-04;5291,335406;0,0525
2024-06-05;5354,028646;0,0525
2024-06-06;5352,962239;0,0525
2024-06-07;5346,988068;0,0526
2024-06-10;5360,788492;0,0525
2024-06-11;5375,316185;0,0525
2024-06-12;5421,025849;0,0525
2024-06-13;5433,743196;0,0525
2024-06-14;5431,60165;0,0525
2024-06-17;5473,23315;0,0525
2024-06-18;5487,026491;0,0524
2024-06-20;5473,168794;0,0524
2024-06-21;5464,621341;0,0523
2024-06-24;5447,87265;0,0524
2024-06-25;5469,29743;0,0523
2024-06-26;5477,90362;0,0524
2024-06-27;5482,871785;0,0523
2024-06-28;5460,482621;0,0522
2024-07-01;5475,08835;0,0524
2024-07-02;5509,011108;0,0524
2024-07-03;5537,019133;0,0524
2024-07-05;5567,190392;0,0523
2024-07-08;5572,850204;0,0523
2024-07-09;5576,9845;0,0523
2024-07-10;5633,912213;0,0523
2024-07-11;5584,544334;0,0521
2024-07-12;5615,348759;0,0521
2024-07-15;5631,216042;0,052
2024-07-16;5667,197692;0,052
2024-07-17;5588,27169;0,052
2024-07-18;5544,593237;0,0521
2024-07-19;5505,003094;0,052
2024-07-22;5564,412886;0,0519
2024-07-23;5555,743671;0,0518
2024-07-24;5427,127677;0,0518
2024-07-25;5399,222479;0,0517
2024-07-26;5459,0974;0,0516
2024-07-29;5463,538474;0,0515
2024-07-30;5436,444101;0,0514
2024-07-31;5522,301837;0,0515
2024-08-01;5446,684317;0,0512
2024-08-02;5346,563258;0,0505
2024-08-05;5186,330412;0,0509
2024-08-06;5240,026147;0,0509
2024-08-07;5199,499968;0,0509
2024-08-08;5319,30812;0,0509
2024-08-09;5344,164356;0,0509
2024-08-12;5344,385204;0,0507
2024-08-13;5434,432828;0,0506
2024-08-14;5455,211997;0,0507
2024-08-15;5543,218234;0,0509
2024-08-16;5554,251063;0,0508
2024-08-19;5608,24726;0,0506
2024-08-20;5597,124817;0,0504
2024-08-21;5620,852715;0,0502
2024-08-22;5570,644574;0,0504
2024-08-23;5634,605847;0,0501
2024-08-26;5616,835853;0,0498
2024-08-27;5625,801961;0,0498
2024-08-28;5592,177212;0,0496
2024-08-29;5591,963722;0,0498
2024-08-30;5648,397236;0,0498
2024-09-03;5528,933403;0,0497
2024-09-04;5520,067822;0,0496
2024-09-05;5503,408569;0,0494
2024-09-06;5408,422144;0,0493
2024-09-09;5471,051447;0,0489
2024-09-10;5495,51941;0,0485
2024-09-11;5554,132422;0,0489
2024-09-12;5595,763489;0,0485
2024-09-13;5626,018601;0,0478
2024-09-16;5633,087776;0,0475
2024-09-17;5634,580444;0,0475
2024-09-18;5618,259025;0,0465
2024-09-19;5713,641088;0,0461
2024-09-20;5702,54762;0,0456
2024-09-23;5718,566489;0,0453
2024-09-24;5732,927345;0,045
2024-09-25;5722,260603;0,0451
2024-09-26;5745,366089;0,045
2024-09-27;5738,171783;0,045
2024-09-30;5762,484883;0,0452
2024-10-01;5708,751478;0,045
2024-10-02;5709,539443;0,0448
2024-10-03;5699,941754;0,0448
2024-10-04;5751,068196;0,0453
2024-10-07;5695,943419;0,0455
2024-10-08;5751,132891;0,0453
2024-10-09;5792,041482;0,0454
2024-10-10;5780,051291;0,0454
2024-10-11;5815,033409;0,0453
2024-10-15;5815,259935;0,0452
2024-10-16;5842,474524;0,0451
2024-10-17;5841,472412;0,0454
2024-10-18;5864,667913;0,0453
2024-10-21;5853,982232;0,0451
2024-10-22;5851,202363;0,0451
2024-10-23;5797,422588;0,0452
2024-10-24;5809,859218;0,045
2024-10-25;5808,117006;0,0452
2024-10-28;5823,517749;0,0449
2024-10-29;5832,917048;0,0449
2024-10-30;5813,669702;0,0447
2024-10-31;5705,447921;0,0444
2024-11-01;5728,801361;0,0441
2024-11-04;5712,688336;0,0444
2024-11-05;5782,75581;0,0443
2024-11-06;5929,044238;0,0444
2024-11-07;5973,103159;0,0443
2024-11-08;5995,537343;0,0443
2024-11-12;5983,989864;0,0443
2024-11-13;5985,378014;0,044
2024-11-14;5949,170922;0,0441
2024-11-15;5870,616408;0,0441
2024-11-18;5893,623452;0,0442
2024-11-19;5916,97735;0,0441
2024-11-20;5917,111052;0,0442
2024-11-21;5948,70722;0,0443
2024-11-22;5969,343085;0,0443
2024-11-25;5987,366353;0,0442
2024-11-26;6021,632593;0,044
2024-11-27;5998,738053;0,044
2024-11-29;6032,384412;0,0439
2024-12-02;6047,145844;0,0438
2024-12-03;6049,881754;0,0436
2024-12-04;6086,487255;0,0435
2024-12-05;6075,10707;0,0434
2024-12-06;6090,270469;0,0431
2024-12-09;6052,848556;0,043
2024-12-10;6034,912281;0,0429
2024-12-11;6084,189487;0,0426
2024-12-12;6051,247301;0,0423
2024-12-13;6051,092024;0,0423
2024-12-16;6074,083466;0,0425
2024-12-17;6050,610543;0,0426
2024-12-18;5872,159849;0,0425
2024-12-19;5867,076994;0,0423
2024-12-20;5930,850137;0,0423
2024-12-23;5974,073069;0,0424
2024-12-24;6040,035577;0,0428
2024-12-26;6037,590858;0,0424
2024-12-27;5970,837644;0,0419
2024-12-30;5906,9356;0,0423
2024-12-31;5881,627648;0,0423